{"derivative_method":"adaptive_central","Inner Iterations":0,"Norm Gradient":427.40424021006106,"Backtracking Step Size":1,"perturbation":0.0001,"rate_of_convergence":"quadratic","_wandb":{"runtime":317},"_timestamp":1.755974422213212e+09,"Execution Time":313.2224757671356,"Adaptive Tolerance":213.70212010503053,"_runtime":317.071568958,"_step":11}