{"derivative_method":"central","Adaptive Tolerance":0.0016445580714554008,"Backtracking Step Size":3.637978807091713e-12,"Execution Time":20.067802906036377,"_step":59,"Norm Gradient":0.013932620538493761,"Inner Iterations":3,"_timestamp":1.756050786118984e+09,"rate_of_convergence":"superlinear","_runtime":20.143351709,"_wandb":{"runtime":20},"perturbation":0.01}