{"perturbation":0.0001,"rate_of_convergence":"quadratic","Inner Iterations":1,"Norm Gradient":668.5031358267221,"derivative_method":"central","Execution Time":368.5212700366974,"_step":2,"_wandb":{"runtime":384},"_timestamp":1.7557916774211252e+09,"_runtime":384.722510625,"Backtracking Step Size":1,"Adaptive Tolerance":334.25156791336104}