{"Execution Time":4.085184097290039,"Backtracking Step Size":1,"_timestamp":1.7567441650005188e+09,"Inner Iterations":0,"_runtime":4.20449975,"_wandb":{"runtime":4},"derivative_method":"adaptive_central","perturbation":0.01,"_step":19,"preconditioner":"no","Norm Gradient":0.00019094911470624712}