{"_runtime":63.692186167,"preconditioner":"no","_timestamp":1.755520850833295e+09,"Inner Iterations":0,"perturbation":1e-06,"derivative_method":"central","Execution Time":63.54362750053406,"_wandb":{"runtime":63},"Norm Gradient":0.0012430558651104293,"_step":22,"Backtracking Step Size":1}