{"Inner Iterations":0,"Execution Time":49.13412594795227,"_step":10,"derivative_method":"central","_timestamp":1.7555554359655051e+09,"Backtracking Step Size":1,"_runtime":49.273170208,"perturbation":1e-06,"preconditioner":"yes","_wandb":{"runtime":49},"Norm Gradient":1.3405170257042344e-05}