{"Inner Iterations":0,"_step":14,"Norm Gradient":2.1735756631374694,"Execution Time":81.70234560966492,"_runtime":81.843880666,"preconditioner":"no","_wandb":{"runtime":81},"_timestamp":1.755558033786556e+09,"Backtracking Step Size":1,"derivative_method":"central","perturbation":1e-12}