{"perturbation":0.01,"Execution Time":20.004356622695923,"_step":156,"_timestamp":1.756744350258785e+09,"Backtracking Step Size":2.3283064365386963e-10,"_runtime":20.163009541,"derivative_method":"backward","preconditioner":"no","_wandb":{"runtime":20},"Inner Iterations":0,"Norm Gradient":194.84440758511826}