{"_runtime":329.193669,"_wandb":{"runtime":329},"perturbation":0.0001,"_step":2,"Adaptive Tolerance":0.003539893083660428,"Inner Iterations":13,"Norm Gradient":0.059497000627430185,"Execution Time":320.9053604602814,"_timestamp":1.755708583862976e+09,"rate_of_convergence":"quadratic","derivative_method":"central","Backtracking Step Size":1}