{"derivative_method":"forward","Inner Iterations":20,"Norm Gradient":204.47534431920397,"_wandb":{"runtime":20},"Backtracking Step Size":1,"Execution Time":20.142250299453735,"_runtime":20.277192542,"_step":135,"preconditioner":"no","perturbation":1e-10,"_timestamp":1.7567443064992619e+09}