{"Iteration":376,"Norm Gradient":10.284582504289633,"_timestamp":1.755359405649275e+09,"_wandb":{"runtime":10},"_runtime":10,"_step":376}