{"Inner Iterations":0,"Norm Gradient":1.7234999686971275,"perturbation":0.01,"Backtracking Step Size":8.881784197001252e-16,"Execution Time":10.153216123580933,"_wandb":{"runtime":11},"_runtime":11.8836636,"_step":62,"_timestamp":1.755443114032976e+09,"preconditioner":"yes","derivative_method":"forward"}