{"Backtracking Step Size":1,"_step":11,"_timestamp":1.7567266932965388e+09,"_runtime":49.30812725,"Execution Time":49.05443716049194,"Inner Iterations":0,"_wandb":{"runtime":49},"Norm Gradient":2.1933383744519453e-05,"derivative_method":"central","preconditioner":"no","perturbation":1e-06}