{"perturbation":0.01,"derivative_method":"forward","_timestamp":1.755684104305564e+09,"Inner Iterations":13,"rate_of_convergence":"superlinear","Backtracking Step Size":1,"Adaptive Tolerance":3.196285552829338e-06,"_wandb":{"runtime":387},"Execution Time":381.7925536632538,"_step":8,"_runtime":387.603965417,"Norm Gradient":0.00021698533412054053}