{"_wandb":{"runtime":20},"_timestamp":1.7555345599317374e+09,"_runtime":20.5115037,"Norm Gradient":21.55996418665769,"rate_of_convergence":"quadratic","Adaptive Tolerance":0.8918365092154027,"Inner Iterations":2,"_step":56,"derivative_method":"forward","Backtracking Step Size":1,"Execution Time":20.261574268341064,"perturbation":1e-06}