{"_runtime":8.939166208,"Backtracking Step Size":1,"_step":22,"derivative_method":"central","perturbation":1e-06,"Execution Time":8.852534770965576,"preconditioner":"no","Inner Iterations":0,"Norm Gradient":1.2093048031502259e-05,"_timestamp":1.755614906807935e+09,"_wandb":{"runtime":8}}