{"perturbation":0.0001,"_step":11,"_timestamp":1.755633765373487e+09,"Adaptive Tolerance":5.595244423213765e-10,"derivative_method":"adaptive_forward","rate_of_convergence":"quadratic","_runtime":43.630812917,"Norm Gradient":2.3654269008392047e-05,"Inner Iterations":100,"Execution Time":43.4916672706604,"_wandb":{"runtime":43},"Backtracking Step Size":1}