{"rate_of_convergence":"quadratic","Norm Gradient":0.4703713900832352,"perturbation":1e-06,"Backtracking Step Size":8.881784197001252e-16,"Inner Iterations":100,"_step":8,"Execution Time":22.300217390060425,"_wandb":{"runtime":22},"derivative_method":"adaptive_forward","_timestamp":1.755624420927202e+09,"_runtime":22.379109792,"Adaptive Tolerance":0.22124924460883502}