{"_runtime":85.31967475,"derivative_method":"backward","_timestamp":1.756713734620287e+09,"perturbation":0.01,"Norm Gradient":484.1525990070127,"Execution Time":85.13413619995117,"Inner Iterations":0,"_wandb":{"runtime":85},"_step":13,"preconditioner":"no","Backtracking Step Size":0.125}