{"Inner Iterations":19,"Norm Gradient":2.2913679928140653,"_wandb":{"runtime":85},"derivative_method":"forward","_timestamp":1.756735035902784e+09,"preconditioner":"no","Backtracking Step Size":1,"_step":17,"perturbation":1e-10,"Execution Time":85.5708658695221,"_runtime":85.740108709}