{"_wandb":{"runtime":312},"_timestamp":1.755978898077727e+09,"derivative_method":"forward","Backtracking Step Size":1,"_runtime":312.238203459,"Execution Time":309.0025804042816,"rate_of_convergence":"quadratic","_step":10,"Norm Gradient":398.90385695998253,"perturbation":1e-10,"Adaptive Tolerance":199.45192847999127,"Inner Iterations":27}