{"rate_of_convergence":"quadratic","Execution Time":300.0832824707031,"Adaptive Tolerance":18134.738204033194,"perturbation":"exact","_wandb":{"runtime":300},"Inner Iterations":1,"_step":694,"derivative_method":"exact","Backtracking Step Size":8.881784197001252e-16,"Norm Gradient":36269.47640806639,"_runtime":300.650330208,"_timestamp":1.755704330761871e+09}