{"perturbation":1e-10,"_runtime":20.228384583,"_step":97,"Execution Time":20.108656406402588,"Inner Iterations":0,"preconditioner":"no","Backtracking Step Size":1,"Norm Gradient":7.254007871263808,"derivative_method":"forward","_wandb":{"runtime":20},"_timestamp":1.756745647273265e+09}