{"Inner Iterations":0,"perturbation":1e-06,"Norm Gradient":1.0688385994147222e-05,"derivative_method":"forward","_timestamp":1.7555466689333062e+09,"_wandb":{"runtime":5},"preconditioner":"no","Backtracking Step Size":1,"_step":12,"_runtime":5.424730583,"Execution Time":5.344780921936035}