{"Backtracking Step Size":1,"Norm Gradient":442.31000557995804,"preconditioner":"yes","_step":8,"_timestamp":1.755516996583596e+09,"_wandb":{"runtime":87},"derivative_method":"forward","Inner Iterations":32,"_runtime":87.694956125,"perturbation":1e-12,"Execution Time":87.54105949401855}