{"perturbation":1e-12,"Norm Gradient":0.1483749845407106,"_timestamp":1.756044687979396e+09,"Execution Time":80.19155883789062,"_step":52,"_wandb":{"runtime":80},"_runtime":80.39951875,"Adaptive Tolerance":0.02201513603745611,"Backtracking Step Size":1,"rate_of_convergence":"quadratic","derivative_method":"backward","Inner Iterations":96}