{"_timestamp":1.756319812610087e+09,"Norm Gradient":1744.3319231110352,"_wandb":{"runtime":20},"Backtracking Step Size":1,"Execution Time":20.153583765029907,"perturbation":1e-10,"_runtime":20.284986625,"preconditioner":"no","_step":49,"derivative_method":"central","Inner Iterations":0}