{"_timestamp":1.756744243510883e+09,"Inner Iterations":19,"_step":92,"derivative_method":"adaptive_central","Norm Gradient":2606.5976720618737,"perturbation":1e-12,"_runtime":20.202141875,"Execution Time":20.066543102264404,"preconditioner":"no","Backtracking Step Size":1,"_wandb":{"runtime":20}}