{"Execution Time":20.117671728134155,"_step":48,"derivative_method":"central","_timestamp":1.755614930887004e+09,"Backtracking Step Size":1,"Norm Gradient":19.762538833332503,"_runtime":20.21551575,"preconditioner":"no","Inner Iterations":0,"_wandb":{"runtime":20},"perturbation":1e-08}