{"_step":80,"rate_of_convergence":"superlinear","perturbation":0.0001,"_timestamp":1.7560503635710988e+09,"Execution Time":20.089751720428467,"_runtime":20.192287167,"Adaptive Tolerance":0.00046690104866577874,"Inner Iterations":1,"_wandb":{"runtime":20},"derivative_method":"adaptive_backward","Norm Gradient":0.006018430267032736,"Backtracking Step Size":2.2737367544323206e-13}