{"Adaptive Tolerance":0.2911419890349244,"_step":58,"_timestamp":1.7555324460753963e+09,"Backtracking Step Size":1,"rate_of_convergence":"superlinear","Execution Time":20.317951202392578,"Inner Iterations":2,"Norm Gradient":0.5822839780690641,"derivative_method":"backward","perturbation":0.0001,"_wandb":{"runtime":20},"_runtime":20.5659255}