{"_wandb":{"runtime":20},"derivative_method":"central","Backtracking Step Size":1.7763568394002505e-15,"_runtime":20.50210675,"Execution Time":20.41433572769165,"Inner Iterations":0,"perturbation":0.01,"_step":29,"Norm Gradient":0.020675367156675322,"_timestamp":1.7555493271465962e+09,"preconditioner":"yes"}