{"_wandb":{"runtime":3},"_runtime":3.208861708,"Execution Time":3.0979866981506348,"_timestamp":1.7567442611610088e+09,"_step":23,"Backtracking Step Size":1,"Norm Gradient":5.5134755279304015e-05,"preconditioner":"no","derivative_method":"forward","perturbation":1e-06,"Inner Iterations":0}