{"Execution Time":20.320929527282715,"derivative_method":"central","_step":32,"Inner Iterations":2,"perturbation":0.0001,"_runtime":20.5868427,"Norm Gradient":35.41300092733361,"Adaptive Tolerance":12.2704938335438,"_wandb":{"runtime":20},"Backtracking Step Size":1,"rate_of_convergence":"quadratic","_timestamp":1.7555350913234916e+09}