{"derivative_method":"central","_wandb":{"runtime":20},"_runtime":20.196328208,"Execution Time":20.12160301208496,"Backtracking Step Size":1,"rate_of_convergence":"quadratic","Adaptive Tolerance":33.591512751382325,"Norm Gradient":67.18302550276465,"_step":23,"Inner Iterations":36,"_timestamp":1.756037978072899e+09,"perturbation":1e-08}