{"derivative_method":"forward","_timestamp":1.756037673306092e+09,"Inner Iterations":2,"Backtracking Step Size":1.7763568394002505e-15,"Execution Time":20.01215624809265,"_runtime":20.088928042,"perturbation":0.01,"rate_of_convergence":"quadratic","Adaptive Tolerance":0.2592247737692045,"_wandb":{"runtime":20},"Norm Gradient":0.518449547538409,"_step":92}