{"Execution Time":20.1894748210907,"_timestamp":1.755451979913949e+09,"perturbation":0.01,"Inner Iterations":0,"_wandb":{"runtime":20},"preconditioner":"no","_step":66,"Norm Gradient":194.84440319025117,"Backtracking Step Size":3.725290298461914e-09,"_runtime":20.283982916,"derivative_method":"backward"}