{"Backtracking Step Size":1,"_timestamp":1.755693043805813e+09,"_wandb":{"runtime":321},"derivative_method":"forward","Adaptive Tolerance":3.196285552829338e-06,"_step":8,"Execution Time":315.1699731349945,"rate_of_convergence":"superlinear","Norm Gradient":0.00021698533412054053,"Inner Iterations":1,"perturbation":0.01,"_runtime":321.039251375}