{"_step":7,"_wandb":{"runtime":20},"Inner Iterations":94,"_timestamp":1.7560514819720519e+09,"Execution Time":20.065552473068237,"rate_of_convergence":"quadratic","perturbation":1e-10,"derivative_method":"central","Backtracking Step Size":1,"_runtime":20.137646917,"Adaptive Tolerance":16.52324541864217,"Norm Gradient":33.04649083728434}