{"perturbation":1e-12,"rate_of_convergence":"quadratic","_timestamp":1.755534748449658e+09,"_step":51,"Norm Gradient":39.22443038909081,"Inner Iterations":2,"Execution Time":20.068574905395508,"Backtracking Step Size":1,"derivative_method":"forward","Adaptive Tolerance":19.612215194545406,"_runtime":20.3139022,"_wandb":{"runtime":20}}