{"Norm Gradient":2.8073416666220714,"derivative_method":"backward","_runtime":20.493673792,"Inner Iterations":0,"preconditioner":"yes","_step":39,"Backtracking Step Size":1.7763568394002505e-15,"Execution Time":20.39844822883606,"perturbation":0.01,"_timestamp":1.755549194810718e+09,"_wandb":{"runtime":20}}