{"Execution Time":2.306265354156494,"Adaptive Tolerance":4.561886174971951e-08,"_runtime":2.387587459,"perturbation":0.0001,"Backtracking Step Size":1,"Norm Gradient":1.2767218663149448e-05,"rate_of_convergence":"superlinear","_wandb":{"runtime":2},"derivative_method":"forward","_timestamp":1.7560505626734889e+09,"_step":10,"Inner Iterations":8}