{"Adaptive Tolerance":1.8793360165577164e-07,"_runtime":11.787117959,"Inner Iterations":7,"rate_of_convergence":"superlinear","Execution Time":11.662044286727905,"_step":11,"_wandb":{"runtime":11},"derivative_method":"central","_timestamp":1.755633293185771e+09,"perturbation":0.01,"Backtracking Step Size":1,"Norm Gradient":3.280975277330905e-05}