{"Inner Iterations":0,"derivative_method":"forward","Norm Gradient":35.90776768078229,"_wandb":{"runtime":20},"perturbation":1e-12,"_step":59,"Execution Time":20.30254888534546,"Backtracking Step Size":1,"_runtime":20.397665625,"preconditioner":"no","_timestamp":1.756319605965894e+09}