{"_runtime":20.274880541,"derivative_method":"adaptive_backward","preconditioner":"yes","_step":38,"perturbation":"exact","_timestamp":1.7555488754141362e+09,"Norm Gradient":1.1326293774534152e-05,"_wandb":{"runtime":20},"Inner Iterations":0,"Execution Time":20.19330334663391,"Backtracking Step Size":1.4210854715202004e-14}