{"_timestamp":1.7556863454226859e+09,"Adaptive Tolerance":0.4253771961400561,"_wandb":{"runtime":597},"_runtime":597.245221458,"Norm Gradient":0.8507543922801122,"derivative_method":"forward","_step":1,"Inner Iterations":100,"Execution Time":591.5048422813416,"Backtracking Step Size":1,"perturbation":1e-12,"rate_of_convergence":"superlinear"}