{"preconditioner":"yes","Inner Iterations":0,"_runtime":8.284365708,"perturbation":0.0001,"Norm Gradient":1.284266509521412e-06,"derivative_method":"forward","_timestamp":1.755450804483571e+09,"Execution Time":8.204349756240845,"_step":22,"_wandb":{"runtime":8},"Backtracking Step Size":1}