{"_runtime":20.3013317,"_step":53,"derivative_method":"forward","Execution Time":20.055031061172485,"Backtracking Step Size":1,"Inner Iterations":1,"Adaptive Tolerance":19.815863667592286,"Norm Gradient":37.78065239170277,"_timestamp":1.7555323783637717e+09,"perturbation":1e-12,"_wandb":{"runtime":20},"rate_of_convergence":"superlinear"}