{"_runtime":7.90329825,"Inner Iterations":0,"_step":20,"_wandb":{"runtime":7},"Execution Time":7.815938711166382,"perturbation":0.0001,"preconditioner":"no","derivative_method":"central","Norm Gradient":0.0013199224493110609,"_timestamp":1.7554521126800299e+09,"Backtracking Step Size":1}