{"_runtime":315.649733584,"derivative_method":"adaptive_central","_timestamp":1.755974102628774e+09,"Adaptive Tolerance":125.83846258833304,"Execution Time":311.87888407707214,"rate_of_convergence":"quadratic","Norm Gradient":251.6769251766661,"_wandb":{"runtime":315},"Backtracking Step Size":1,"Inner Iterations":0,"perturbation":0.01,"_step":11}