{"Adaptive Tolerance":4648.431480802899,"_wandb":{"runtime":379},"_runtime":379.234324792,"Norm Gradient":9296.862961605799,"perturbation":1e-08,"_timestamp":1.755877195433429e+09,"Execution Time":363.92018485069275,"Inner Iterations":14,"_step":0,"derivative_method":"forward","rate_of_convergence":"superlinear","Backtracking Step Size":0.25}