{"Norm Gradient":0.23349425827649958,"perturbation":0.01,"Backtracking Step Size":7.105427357601002e-15,"Inner Iterations":0,"_timestamp":1.756747514197613e+09,"Execution Time":20.10160231590271,"preconditioner":"no","_wandb":{"runtime":20},"derivative_method":"adaptive_forward","_step":82,"_runtime":20.456451}