{"Backtracking Step Size":1,"_wandb":{"runtime":353},"derivative_method":"backward","Execution Time":338.95208406448364,"_runtime":353.3483185,"Adaptive Tolerance":270.30978042129533,"perturbation":1e-10,"_step":3,"Norm Gradient":540.6195608425907,"rate_of_convergence":"quadratic","_timestamp":1.755893093966166e+09,"Inner Iterations":1}