{"Norm Gradient":0.06732959271839699,"_timestamp":1.755634544713727e+09,"Inner Iterations":1,"Backtracking Step Size":1,"rate_of_convergence":"quadratic","derivative_method":"adaptive_backward","Execution Time":79.73768424987793,"_step":191,"Adaptive Tolerance":0.004533274055625217,"perturbation":1e-12,"_wandb":{"runtime":79},"_runtime":79.89800525}