{"_runtime":1.1974735,"perturbation":"exact","derivative_method":"exact","Execution Time":1.014479160308838,"Inner Iterations":1,"_wandb":{"runtime":1},"Backtracking Step Size":1,"Norm Gradient":0.000728664089068993,"_timestamp":1.7555295787241666e+09,"_step":61,"rate_of_convergence":"superlinear","Adaptive Tolerance":0.10779821255016296}