{"preconditioner":"no","_timestamp":1.756725758108483e+09,"Norm Gradient":9.981883460658175e-05,"Inner Iterations":0,"Execution Time":32.548670530319214,"derivative_method":"forward","Backtracking Step Size":1,"_wandb":{"runtime":32},"perturbation":1e-06,"_step":10,"_runtime":32.798108666}