{"_wandb":{"runtime":398},"_runtime":398.175686583,"Execution Time":381.4748122692108,"Backtracking Step Size":0.0078125,"Norm Gradient":525.7693020585705,"Inner Iterations":1,"_step":2,"perturbation":1e-08,"_timestamp":1.755779166270114e+09,"Adaptive Tolerance":262.88465102928524,"rate_of_convergence":"superlinear","derivative_method":"central"}