{"_runtime":81.019240959,"preconditioner":"yes","perturbation":1e-08,"Backtracking Step Size":1,"_step":16,"Execution Time":80.86810040473938,"_timestamp":1.755555518978684e+09,"_wandb":{"runtime":81},"derivative_method":"central","Norm Gradient":2.2790879972784563,"Inner Iterations":0}