{"Norm Gradient":5.058878850922371e-06,"perturbation":"exact","Execution Time":9.435294151306152,"Inner Iterations":0,"preconditioner":"yes","_runtime":9.522486624999999,"derivative_method":"exact","_step":20,"_wandb":{"runtime":9},"Backtracking Step Size":1,"_timestamp":1.755451763757358e+09}