{"_timestamp":1.7567445013470578e+09,"Backtracking Step Size":1,"perturbation":1e-08,"_runtime":20.148804167,"_step":93,"Norm Gradient":19.76000304097472,"Execution Time":19.999913692474365,"preconditioner":"no","derivative_method":"central","_wandb":{"runtime":20},"Inner Iterations":0}