{"perturbation":1e-08,"derivative_method":"backward","Inner Iterations":1000,"Execution Time":78.7222728729248,"rate_of_convergence":"quadratic","_runtime":78.9403077,"Backtracking Step Size":1,"_step":2,"Norm Gradient":78.20140503401181,"Adaptive Tolerance":39.10070251700591,"_timestamp":1.7555349230010064e+09,"_wandb":{"runtime":78}}