{"_wandb":{"runtime":20},"perturbation":0.01,"Backtracking Step Size":8.881784197001252e-16,"Execution Time":20.07219910621643,"Norm Gradient":0.0021477707427878484,"derivative_method":"backward","_step":96,"preconditioner":"no","Inner Iterations":0,"_runtime":20.188921,"_timestamp":1.7567456916755998e+09}