{"Execution Time":82.79164218902588,"_step":11,"_wandb":{"runtime":82},"_runtime":82.953370042,"perturbation":1e-06,"preconditioner":"yes","derivative_method":"central","Inner Iterations":0,"Norm Gradient":127.55146848134025,"Backtracking Step Size":0.5,"_timestamp":1.756711226126312e+09}