{"_step":366,"_wandb":{"runtime":10},"_runtime":10,"Iteration":366,"Norm Gradient":0.033085730687298184,"_timestamp":1.75535941801311e+09}