{"rate_of_convergence":"superlinear","perturbation":"exact","Norm Gradient":209.05616951128192,"Backtracking Step Size":0.0078125,"_wandb":{"runtime":86},"_runtime":86.4482205,"Adaptive Tolerance":19.345906080726973,"derivative_method":"exact","Execution Time":86.22882676124573,"Inner Iterations":1000,"_timestamp":1.7555338166612558e+09,"_step":4}