{"Inner Iterations":0,"Norm Gradient":805.6744595966373,"_step":46,"_runtime":20.16134025,"Backtracking Step Size":1,"preconditioner":"no","derivative_method":"forward","perturbation":1e-08,"_timestamp":1.755549843670069e+09,"_wandb":{"runtime":20},"Execution Time":20.072258710861206}