{"_runtime":20.169577458,"preconditioner":"no","Backtracking Step Size":1,"Inner Iterations":0,"Norm Gradient":37.17542210147683,"perturbation":1e-12,"_timestamp":1.755614729546124e+09,"Execution Time":20.082300662994385,"derivative_method":"forward","_step":56,"_wandb":{"runtime":20}}