{"perturbation":1e-08,"Norm Gradient":19.678767404008802,"derivative_method":"central","preconditioner":"yes","_step":44,"Inner Iterations":0,"Execution Time":20.317466020584106,"_wandb":{"runtime":20},"_timestamp":1.7556134091752288e+09,"_runtime":20.411344833,"Backtracking Step Size":1}