{"Norm Gradient":1.1058941328576771e-05,"Execution Time":4.040179967880249,"preconditioner":"no","Backtracking Step Size":1,"_wandb":{"runtime":4},"_runtime":4.150252833,"_timestamp":1.756745800019684e+09,"perturbation":0.0001,"derivative_method":"central","Inner Iterations":0,"_step":11}