{"preconditioner":"yes","Backtracking Step Size":1,"perturbation":0.0001,"_timestamp":1.756318877211015e+09,"Execution Time":8.183435678482056,"derivative_method":"forward","Inner Iterations":0,"_runtime":8.27678725,"Norm Gradient":3.2614194287241877e-05,"_wandb":{"runtime":8},"_step":21}