{"_step":48,"rate_of_convergence":"quadratic","_timestamp":1.7560514204525518e+09,"Norm Gradient":0.005023686230980263,"perturbation":0.01,"derivative_method":"central","Backtracking Step Size":7.275957614183426e-12,"_wandb":{"runtime":20},"_runtime":20.214657042,"Inner Iterations":0,"Adaptive Tolerance":2.523742334734068e-05,"Execution Time":20.114547967910767}