{"_timestamp":1.755889897194637e+09,"Adaptive Tolerance":77.413452581837,"rate_of_convergence":"quadratic","_wandb":{"runtime":342},"perturbation":0.0001,"_step":3,"Norm Gradient":154.826905163674,"Execution Time":328.29769468307495,"Backtracking Step Size":1,"derivative_method":"forward","Inner Iterations":2,"_runtime":342.620479834}