{"Execution Time":20.24118971824646,"preconditioner":"no","Norm Gradient":0.020675373078671854,"Backtracking Step Size":1.7763568394002505e-15,"_wandb":{"runtime":20},"derivative_method":"central","_timestamp":1.756748116141784e+09,"_runtime":20.351874958,"perturbation":0.01,"Inner Iterations":0,"_step":48}