{"perturbation":0.0001,"Backtracking Step Size":1.1368683772161603e-13,"Inner Iterations":0,"_runtime":20.320935792,"preconditioner":"no","derivative_method":"backward","Norm Gradient":0.0039929292943261495,"_timestamp":1.756748005487551e+09,"_wandb":{"runtime":20},"_step":87,"Execution Time":20.17884063720703}