{"_wandb":{"runtime":20},"Backtracking Step Size":1,"Adaptive Tolerance":18.21947136879914,"derivative_method":"exact","_runtime":20.7603144,"Inner Iterations":2,"perturbation":"exact","_step":29,"rate_of_convergence":"quadratic","Execution Time":20.511176109313965,"_timestamp":1.7555363744508436e+09,"Norm Gradient":24.336267628214173}