{"_wandb":{"runtime":20},"Backtracking Step Size":3.552713678800501e-15,"preconditioner":"yes","Norm Gradient":1.1983788331816183,"Inner Iterations":0,"_timestamp":1.7554509594510899e+09,"_runtime":20.178833458,"derivative_method":"backward","_step":50,"perturbation":0.0001,"Execution Time":20.07951521873474}