{"Execution Time":93.65325880050659,"_wandb":{"runtime":93},"Backtracking Step Size":1,"Inner Iterations":16,"_step":10,"_timestamp":1.755519934503021e+09,"Norm Gradient":7810.994830789507,"perturbation":1e-08,"derivative_method":"forward","_runtime":93.80001725,"preconditioner":"no"}