{"_step":39,"_wandb":{"runtime":20},"Inner Iterations":0,"perturbation":1e-08,"_runtime":20.586967042,"preconditioner":"no","Backtracking Step Size":1,"_timestamp":1.755546903855963e+09,"Norm Gradient":6.118834705282423,"derivative_method":"central","Execution Time":20.504034519195557}