{"Adaptive Tolerance":144.18384456898784,"rate_of_convergence":"superlinear","_timestamp":1.755952112008692e+09,"Inner Iterations":49,"perturbation":0.01,"_wandb":{"runtime":310},"_step":7,"derivative_method":"adaptive_forward","Backtracking Step Size":1,"_runtime":310.675847875,"Norm Gradient":288.3676891379757,"Execution Time":307.11862230300903}