{"Adaptive Tolerance":0.0014624098253587822,"perturbation":0.0001,"_runtime":323.897055041,"Execution Time":316.55375814437866,"rate_of_convergence":"superlinear","_wandb":{"runtime":323},"Norm Gradient":0.012883861992796125,"derivative_method":"central","_step":4,"Inner Iterations":1,"Backtracking Step Size":1,"_timestamp":1.7556969281968582e+09}