{"Execution Time":80.2333984375,"Adaptive Tolerance":0.057153262979633905,"_timestamp":1.7560422397937222e+09,"_runtime":80.446093208,"Backtracking Step Size":1,"_wandb":{"runtime":80},"Norm Gradient":0.1483749845407106,"Inner Iterations":95,"perturbation":1e-12,"_step":52,"rate_of_convergence":"superlinear","derivative_method":"backward"}