{"Inner Iterations":1,"derivative_method":"forward","_step":103,"Backtracking Step Size":1,"Norm Gradient":0.0008140593812654866,"Execution Time":20.054431438446045,"perturbation":0.0001,"rate_of_convergence":"quadratic","Adaptive Tolerance":6.626926762263469e-07,"_wandb":{"runtime":20},"_runtime":20.144883125,"_timestamp":1.7560376951197948e+09}