{"derivative_method":"central","Backtracking Step Size":1,"_timestamp":1.7555207854496331e+09,"Inner Iterations":0,"_wandb":{"runtime":54},"_runtime":54.417195458,"Execution Time":54.27306842803955,"preconditioner":"no","_step":20,"Norm Gradient":0.005939263667834655,"perturbation":0.0001}