{"perturbation":1e-08,"Execution Time":20.46397590637207,"Inner Iterations":12,"preconditioner":"no","Norm Gradient":47.254427531030075,"_step":57,"_timestamp":1.755451912311533e+09,"_runtime":20.549674334,"derivative_method":"forward","Backtracking Step Size":1,"_wandb":{"runtime":20}}