{"_runtime":55.205661667,"derivative_method":"exact","Norm Gradient":0.004264846638490638,"_step":20,"Backtracking Step Size":1,"Inner Iterations":0,"perturbation":"exact","preconditioner":"no","_wandb":{"runtime":55},"Execution Time":55.05556869506836,"_timestamp":1.7555222748148391e+09}