{"Execution Time":20.133719444274902,"Adaptive Tolerance":7.533416565008412e-05,"derivative_method":"exact","_wandb":{"runtime":20},"_runtime":20.3777622,"perturbation":"exact","Backtracking Step Size":1,"rate_of_convergence":"superlinear","Norm Gradient":0.0017837253663342454,"_timestamp":1.7555332518353155e+09,"Inner Iterations":1,"_step":54}