{"Execution Time":20.102905988693237,"_wandb":{"runtime":20},"perturbation":1e-10,"Norm Gradient":33.04649083728434,"Backtracking Step Size":1,"derivative_method":"central","_step":7,"_runtime":20.174376875,"Adaptive Tolerance":16.52324541864217,"Inner Iterations":96,"rate_of_convergence":"superlinear","_timestamp":1.756050840416521e+09}