{"Inner Iterations":0,"_step":47,"Norm Gradient":1.1348330409244505e-05,"Execution Time":20.12487292289734,"perturbation":1e-06,"_wandb":{"runtime":20},"_timestamp":1.755549976129571e+09,"derivative_method":"backward","Backtracking Step Size":1.4210854715202004e-14,"preconditioner":"no","_runtime":20.210345292}