{"_step":17,"preconditioner":"yes","Inner Iterations":0,"_wandb":{"runtime":80},"_runtime":80.445754875,"perturbation":0.01,"_timestamp":1.755574001075961e+09,"derivative_method":"forward","Norm Gradient":0.7300180229988231,"Execution Time":80.22907543182373,"Backtracking Step Size":2.842170943040401e-14}