{"Execution Time":20.22713351249695,"_wandb":{"runtime":20},"_step":68,"derivative_method":"adaptive_central","Backtracking Step Size":1,"rate_of_convergence":"quadratic","Inner Iterations":3,"perturbation":1e-12,"Norm Gradient":0.1675548666685028,"Adaptive Tolerance":0.028074633344299754,"_timestamp":1.755627348316417e+09,"_runtime":20.416333625}