Experiment Type,Preconditioning/RateofConv,Derivative,Perturbation,Execution Time,Iterations,F(x),Norm Gradient(x),Experimental Order of Convergence,Converged
fixed,yes,exact,nan,0.4402785301208496,20,1.0646343730438949e-10,0.00029679189783483195,-0.16160737120931482,True
fixed,yes,forward,0.01,10.153216123580933,63,5.0666371019812155,1.7234999686971275,nan,False
fixed,no,exact,nan,0.027760744094848633,20,1.0646343709656654e-10,0.00029679189749787205,-0.16160737123137767,True
fixed,no,forward,0.01,10.041364908218384,84,5.066637100104023,1.7234999898149763,nan,False
sampled,yes,exact,nan,0.3216867446899414,20,1.0646343730438949e-10,0.00029679189783483195,-0.16160737120931482,True
sampled,yes,forward,0.01,10.024751424789429,60,5.0666371019812155,1.7234999686971275,nan,False
sampled,no,exact,nan,0.027029037475585938,20,1.0646343709656654e-10,0.00029679189749787205,-0.16160737123137767,True
sampled,no,forward,0.01,10.104208946228027,81,5.066637100104023,1.7234999898149763,nan,False
