{"Inner Iterations":65,"rate_of_convergence":"superlinear","Execution Time":19.927688360214233,"perturbation":0.0001,"_step":12,"Backtracking Step Size":1,"Adaptive Tolerance":3.780751499219889e-08,"_wandb":{"runtime":20},"Norm Gradient":1.1264677310110747e-05,"_runtime":20.068650125,"derivative_method":"adaptive_forward","_timestamp":1.755631382199641e+09}