{"_wandb":{"runtime":81},"Backtracking Step Size":1,"_timestamp":1.75555503487902e+09,"Execution Time":81.02231621742249,"_step":18,"Norm Gradient":0.00020551626647952962,"derivative_method":"backward","Inner Iterations":0,"_runtime":81.166294042,"perturbation":1e-06,"preconditioner":"yes"}