{"derivative_method":"adaptive_central","_step":53,"Adaptive Tolerance":2.225464240891542e-06,"_runtime":51.784123458,"_timestamp":1.7560285441537879e+09,"Execution Time":51.64515733718872,"perturbation":1e-06,"Inner Iterations":3,"_wandb":{"runtime":51},"Backtracking Step Size":1,"Norm Gradient":0.0014917989948017602,"rate_of_convergence":"quadratic"}