{"_wandb":{"runtime":4},"derivative_method":"adaptive_central","Backtracking Step Size":1,"_runtime":4.372406125,"Execution Time":4.2499730587005615,"perturbation":0.0001,"_step":20,"Norm Gradient":0.0013232639509883485,"preconditioner":"no","_timestamp":1.756744171101459e+09,"Inner Iterations":0}