{"_runtime":21.402653416,"_wandb":{"runtime":21},"Backtracking Step Size":1,"rate_of_convergence":"quadratic","derivative_method":"backward","_timestamp":1.755627523421712e+09,"Norm Gradient":1.856536157480582e-05,"_step":17,"Adaptive Tolerance":3.446726504032765e-10,"perturbation":0.0001,"Inner Iterations":100,"Execution Time":21.33375096321106}