{"_runtime":411.381483875,"rate_of_convergence":"superlinear","Norm Gradient":1.4985668930956932,"perturbation":1e-12,"_wandb":{"runtime":411},"derivative_method":"adaptive_central","Execution Time":403.91738843917847,"Inner Iterations":7,"_step":4,"_timestamp":1.7556834119027781e+09,"Backtracking Step Size":1,"Adaptive Tolerance":0.7492834465478466}