{"_step":26,"Norm Gradient":1.6217522656272157e-06,"_runtime":10.592872459,"derivative_method":"forward","Backtracking Step Size":1,"Inner Iterations":0,"preconditioner":"yes","Execution Time":10.102849245071411,"perturbation":0.01,"_timestamp":1.755450794087204e+09,"_wandb":{"runtime":10}}