{"preconditioner":"yes","Execution Time":80.79997324943542,"_step":14,"perturbation":1e-08,"Backtracking Step Size":1,"_wandb":{"runtime":81},"Norm Gradient":2932.5960362784135,"Inner Iterations":0,"derivative_method":"forward","_timestamp":1.7555742216502678e+09,"_runtime":81.01444025}