{"_step":11,"perturbation":1e-06,"_timestamp":1.756745603287503e+09,"Execution Time":2.3986337184906006,"preconditioner":"no","Inner Iterations":0,"derivative_method":"forward","Backtracking Step Size":1,"Norm Gradient":1.1983485342031552e-05,"_runtime":2.501907291,"_wandb":{"runtime":2}}