{"Inner Iterations":0,"Execution Time":20.356685161590576,"_wandb":{"runtime":20},"_runtime":20.470253125,"preconditioner":"no","perturbation":1e-10,"Backtracking Step Size":1,"derivative_method":"central","_timestamp":1.756748173816659e+09,"Norm Gradient":932.8790361704388,"_step":48}