{"_step":13,"Execution Time":84.95187449455261,"_wandb":{"runtime":85},"Backtracking Step Size":0.5,"_runtime":85.117377208,"Norm Gradient":20.55383007712662,"perturbation":0.0001,"preconditioner":"yes","derivative_method":"backward","Inner Iterations":0,"_timestamp":1.756710619125359e+09}