{"preconditioner":"yes","_runtime":8.246800291,"derivative_method":"central","_wandb":{"runtime":8},"Norm Gradient":1.2217269169466979e-05,"_timestamp":1.755549337395936e+09,"perturbation":0.0001,"Execution Time":8.169801712036133,"Backtracking Step Size":1,"Inner Iterations":0,"_step":11}