{"_runtime":20.309652834,"Norm Gradient":0.12303705743317342,"Inner Iterations":2,"rate_of_convergence":"quadratic","_timestamp":1.755627706874202e+09,"_wandb":{"runtime":20},"Backtracking Step Size":1,"_step":70,"perturbation":1e-10,"derivative_method":"central","Execution Time":20.217642068862915,"Adaptive Tolerance":0.015138117501814015}