{"_runtime":20.149180416,"_timestamp":1.756037011620123e+09,"Inner Iterations":1,"_step":110,"derivative_method":"forward","_wandb":{"runtime":20},"Norm Gradient":55.62912001671888,"Execution Time":20.064732551574707,"Adaptive Tolerance":27.81456000835944,"perturbation":1e-12,"rate_of_convergence":"superlinear","Backtracking Step Size":1}