{"Backtracking Step Size":1,"Inner Iterations":1,"derivative_method":"exact","Norm Gradient":6.367526495094769e-08,"_timestamp":1.7555315344679768e+09,"_runtime":1.2260762,"perturbation":"exact","_wandb":{"runtime":1},"Execution Time":1.0401647090911865,"rate_of_convergence":"superlinear","_step":63,"Adaptive Tolerance":1.360758642794387e-07}