{"_step":23,"Backtracking Step Size":8.881784197001252e-16,"derivative_method":"backward","Inner Iterations":0,"_timestamp":1.7555773689640589e+09,"Execution Time":80.44667887687683,"_runtime":80.66581375,"preconditioner":"no","Norm Gradient":8.861687274387009,"_wandb":{"runtime":80},"perturbation":0.01}