{"Execution Time":0.33112502098083496,"_wandb":{"runtime":0},"Norm Gradient":0.001327293704433816,"_runtime":0.373638792,"preconditioner":"no","perturbation":"exact","_timestamp":1.7554505303617878e+09,"Backtracking Step Size":1,"Inner Iterations":0,"_step":20,"derivative_method":"exact"}