{"_wandb":{"runtime":20},"_step":46,"Execution Time":20.013407707214355,"_runtime":20.09087525,"preconditioner":"no","derivative_method":"forward","_timestamp":1.755549815399692e+09,"perturbation":0.0001,"Backtracking Step Size":4.547473508864641e-13,"Inner Iterations":0,"Norm Gradient":0.0019582481511882443}