{"Execution Time":20.111422538757324,"_timestamp":1.755546044269331e+09,"preconditioner":"yes","Norm Gradient":1.1493118230728312e-05,"_wandb":{"runtime":20},"_step":42,"Backtracking Step Size":1.4210854715202004e-14,"_runtime":20.19459825,"derivative_method":"forward","Inner Iterations":0,"perturbation":0.01}