{"_step":11,"Norm Gradient":3.1052977023687594e-05,"Inner Iterations":0,"Backtracking Step Size":1,"perturbation":0.0001,"_timestamp":1.756745598867687e+09,"preconditioner":"no","derivative_method":"forward","Execution Time":2.3782644271850586,"_runtime":2.485383542,"_wandb":{"runtime":2}}