{"perturbation":0.01,"Backtracking Step Size":1,"_timestamp":1.7567444664943502e+09,"preconditioner":"no","Execution Time":4.315330743789673,"Norm Gradient":1.705012298339568e-05,"Inner Iterations":0,"_wandb":{"runtime":4},"derivative_method":"central","_runtime":4.428731792,"_step":20}