{"Backtracking Step Size":1,"_runtime":35.805454666,"derivative_method":"forward","preconditioner":"no","_wandb":{"runtime":35},"_timestamp":1.7567348648865669e+09,"Execution Time":35.6258065700531,"Norm Gradient":1.724112952071496e-05,"Inner Iterations":0,"_step":12,"perturbation":1e-06}