{"_wandb":{"runtime":82},"Norm Gradient":2.1972320632906746,"Execution Time":82.18225574493408,"Inner Iterations":0,"Backtracking Step Size":1,"_timestamp":1.7567358754175518e+09,"derivative_method":"central","_step":18,"_runtime":82.378510458,"perturbation":1e-12,"preconditioner":"no"}