{"_wandb":{"runtime":17},"Execution Time":17.029158115386963,"derivative_method":"adaptive_central","_timestamp":1.756037562839099e+09,"Adaptive Tolerance":6.633108914472245e-08,"perturbation":0.0001,"Backtracking Step Size":1,"_step":63,"rate_of_convergence":"quadratic","_runtime":17.113376083,"Inner Iterations":2,"Norm Gradient":0.0002575482268328059}