{"derivative_method":"adaptive_backward","Backtracking Step Size":0.125,"Adaptive Tolerance":14.415640138046143,"_step":35,"rate_of_convergence":"superlinear","_runtime":20.15893075,"Inner Iterations":1,"perturbation":0.01,"_timestamp":1.7560366617125819e+09,"_wandb":{"runtime":20},"Execution Time":20.08641266822815,"Norm Gradient":28.831280276092286}