{"_timestamp":1.755785072405376e+09,"rate_of_convergence":"quadratic","Norm Gradient":668.503145370935,"perturbation":0.0001,"Inner Iterations":1,"Adaptive Tolerance":334.2515726854675,"derivative_method":"adaptive_central","Execution Time":375.68461298942566,"_step":2,"Backtracking Step Size":1,"_wandb":{"runtime":391},"_runtime":391.770659292}