{"derivative_method":"backward","_wandb":{"runtime":20},"_step":55,"Inner Iterations":12,"_timestamp":1.755614820195462e+09,"preconditioner":"no","perturbation":1e-08,"Backtracking Step Size":1,"_runtime":20.413918042,"Execution Time":20.324012279510498,"Norm Gradient":93.15752484554781}