{"Inner Iterations":0,"_runtime":20.259631958,"Norm Gradient":398.17824501495807,"_wandb":{"runtime":20},"perturbation":1e-12,"Backtracking Step Size":1,"derivative_method":"forward","Execution Time":20.15647268295288,"_step":45,"_timestamp":1.756318953940199e+09,"preconditioner":"yes"}