{"Adaptive Tolerance":5.0757034564715966e-08,"Norm Gradient":1.0471469389669858e-07,"_wandb":{"runtime":0},"_step":8,"Inner Iterations":2,"_runtime":0.1517243,"perturbation":"exact","Backtracking Step Size":1,"_timestamp":1.7556060793591325e+09,"Execution Time":0.002033710479736328,"derivative_method":"exact","rate_of_convergence":"superlinear"}