{"rate_of_convergence":"superlinear","Inner Iterations":4,"Norm Gradient":0.01873611240415534,"derivative_method":"adaptive_central","Execution Time":301.04157280921936,"_timestamp":1.755679159500772e+09,"_runtime":308.501850125,"Backtracking Step Size":1,"_step":4,"_wandb":{"runtime":308},"perturbation":0.01,"Adaptive Tolerance":0.0025645975604865}