{"Inner Iterations":29,"_step":58,"_runtime":20.317672666,"Norm Gradient":70.68908247844614,"Backtracking Step Size":1,"_timestamp":1.7556148698566778e+09,"derivative_method":"backward","Execution Time":20.224153757095337,"_wandb":{"runtime":20},"perturbation":1e-12,"preconditioner":"no"}