{"Backtracking Step Size":1,"_runtime":400.23487625,"_wandb":{"runtime":400},"rate_of_convergence":"superlinear","_timestamp":1.755880976439998e+09,"Execution Time":382.6496138572693,"Adaptive Tolerance":334.25156791336104,"Norm Gradient":668.5031358267221,"derivative_method":"central","Inner Iterations":0,"_step":2,"perturbation":0.0001}