{"perturbation":0.0001,"derivative_method":"central","_wandb":{"runtime":9},"_step":20,"Inner Iterations":0,"_runtime":9.531264917,"preconditioner":"yes","Execution Time":9.44503664970398,"Norm Gradient":0.00136206595486857,"Backtracking Step Size":1,"_timestamp":1.755613372185768e+09}