{"Inner Iterations":0,"Execution Time":20.221688985824585,"_wandb":{"runtime":20},"Backtracking Step Size":8.881784197001252e-16,"perturbation":0.01,"derivative_method":"backward","_runtime":20.317981416,"_step":41,"Norm Gradient":0.0021477706606394397,"_timestamp":1.755546147371419e+09,"preconditioner":"yes"}