{"_timestamp":1.755614661872649e+09,"Inner Iterations":0,"Execution Time":7.227410554885864,"preconditioner":"no","derivative_method":"forward","_step":23,"_runtime":7.315650375,"Backtracking Step Size":1,"perturbation":1e-06,"_wandb":{"runtime":7},"Norm Gradient":0.0004900138784370042}