{"derivative_method":"backward","Backtracking Step Size":1,"rate_of_convergence":"quadratic","Adaptive Tolerance":15.124088653230864,"_step":109,"Execution Time":20.092291116714478,"perturbation":1e-12,"_wandb":{"runtime":20},"Norm Gradient":30.248177306461727,"_timestamp":1.7560378938087559e+09,"_runtime":20.170022167,"Inner Iterations":2}