{"preconditioner":"no","_wandb":{"runtime":20},"perturbation":1e-06,"derivative_method":"backward","Backtracking Step Size":3.637978807091713e-12,"_runtime":20.168079875,"Execution Time":20.038851737976074,"Inner Iterations":0,"Norm Gradient":2.8079614155846913e-05,"_timestamp":1.756744394222036e+09,"_step":157}