{"Norm Gradient":2942.4192407979604,"_timestamp":1.7555772015459929e+09,"Execution Time":80.94434475898743,"_runtime":81.169417625,"preconditioner":"no","Backtracking Step Size":1,"_step":19,"Inner Iterations":0,"derivative_method":"forward","_wandb":{"runtime":81},"perturbation":1e-10}