{"Adaptive Tolerance":1.2606456867158846e-05,"Norm Gradient":0.0005416624064075387,"Execution Time":79.73670077323914,"Backtracking Step Size":8.881784197001252e-16,"_runtime":79.90465375,"_timestamp":1.7556317964627311e+09,"Inner Iterations":10,"perturbation":0.01,"_step":72,"rate_of_convergence":"superlinear","_wandb":{"runtime":79},"derivative_method":"adaptive_backward"}