{"perturbation":1e-08,"_timestamp":1.7555491279987001e+09,"Backtracking Step Size":1,"_wandb":{"runtime":20},"preconditioner":"yes","derivative_method":"forward","Execution Time":20.024162769317627,"Inner Iterations":0,"_step":37,"_runtime":20.113783625,"Norm Gradient":838.2902926085991}