{"_runtime":31.3569006,"Adaptive Tolerance":14.348996295213267,"Norm Gradient":25.598022956153024,"rate_of_convergence":"quadratic","_wandb":{"runtime":31},"_step":7,"perturbation":0.01,"_timestamp":1.7555344382947614e+09,"Execution Time":31.15646505355835,"derivative_method":"forward","Backtracking Step Size":1,"Inner Iterations":390}