{"derivative_method":"forward","Norm Gradient":154.826905163674,"_runtime":350.58370775,"Backtracking Step Size":1,"perturbation":0.0001,"_wandb":{"runtime":350},"rate_of_convergence":"quadratic","_step":3,"_timestamp":1.755787391335913e+09,"Execution Time":336.02494525909424,"Adaptive Tolerance":77.413452581837,"Inner Iterations":2}