{"perturbation":0.01,"Backtracking Step Size":1,"Inner Iterations":0,"_wandb":{"runtime":9},"preconditioner":"yes","_timestamp":1.7563190975083039e+09,"_step":20,"_runtime":9.667302291,"derivative_method":"central","Execution Time":9.59053635597229,"Norm Gradient":1.7050107904736183e-05}