{"rate_of_convergence":"quadratic","Norm Gradient":0.007763170385985459,"perturbation":1e-06,"Execution Time":23.513731718063354,"_wandb":{"runtime":23},"Backtracking Step Size":1,"_step":8,"Inner Iterations":100,"_runtime":23.582794542,"derivative_method":"central","_timestamp":1.755627661269223e+09,"Adaptive Tolerance":6.026681444184161e-05}