{"Backtracking Step Size":1.7763568394002505e-15,"_runtime":79.972121083,"Norm Gradient":0.06550478740778053,"perturbation":0.01,"preconditioner":"yes","Inner Iterations":0,"_wandb":{"runtime":79},"_timestamp":1.756722376973631e+09,"_step":18,"Execution Time":79.69729518890381,"derivative_method":"adaptive_central"}