{"Backtracking Step Size":3.725290298461914e-09,"_step":63,"Inner Iterations":0,"_wandb":{"runtime":20},"_runtime":20.374115459,"Norm Gradient":194.84440226197364,"_timestamp":1.756319628082517e+09,"Execution Time":20.26796269416809,"preconditioner":"no","derivative_method":"backward","perturbation":0.01}