{"derivative_method":"exact","_runtime":0.4530674,"perturbation":"exact","Execution Time":0.0020236968994140625,"Norm Gradient":0.004331473070732295,"Backtracking Step Size":0,"preconditioner":"no","_timestamp":1.7554350404494457e+09,"_wandb":{"runtime":0},"_step":19,"Inner Iterations":1}