{"_runtime":20.472474667,"perturbation":1e-08,"Inner Iterations":12,"_step":47,"derivative_method":"forward","Execution Time":20.387841939926147,"Norm Gradient":58.15909317939425,"_timestamp":1.75561316390015e+09,"preconditioner":"yes","_wandb":{"runtime":20},"Backtracking Step Size":1}