{"_wandb":{"runtime":81},"_runtime":81.205878833,"Execution Time":80.98096799850464,"Backtracking Step Size":8.881784197001252e-16,"preconditioner":"no","Norm Gradient":8.979418865850725,"Inner Iterations":0,"perturbation":"exact","derivative_method":"adaptive_backward","_timestamp":1.755575921408591e+09,"_step":23}