{"Execution Time":309.25494265556335,"rate_of_convergence":"quadratic","_runtime":312.377836041,"Inner Iterations":54,"_timestamp":1.7559776474002109e+09,"Norm Gradient":286.97992676920074,"_step":7,"perturbation":0.01,"Backtracking Step Size":1,"Adaptive Tolerance":143.48996338460037,"_wandb":{"runtime":312},"derivative_method":"forward"}