{"Backtracking Step Size":7.105427357601002e-15,"_timestamp":1.755549436676415e+09,"_step":47,"Norm Gradient":0.23349425811465516,"derivative_method":"adaptive_forward","_wandb":{"runtime":20},"Inner Iterations":0,"Execution Time":20.272194862365723,"preconditioner":"no","perturbation":"exact","_runtime":20.3600945}