{"preconditioner":"no","derivative_method":"forward","_step":53,"Norm Gradient":6.716505301386517,"_runtime":20.421884708,"perturbation":1e-08,"Inner Iterations":0,"Backtracking Step Size":1,"_wandb":{"runtime":20},"Execution Time":20.33449959754944,"_timestamp":1.755546691099812e+09}