{"rate_of_convergence":"quadratic","Execution Time":20.32696795463562,"_wandb":{"runtime":20},"perturbation":1e-12,"Adaptive Tolerance":0.015341747669751995,"_step":106,"Norm Gradient":0.12386180876182938,"_timestamp":1.755624631029003e+09,"derivative_method":"adaptive_backward","_runtime":20.417534792,"Inner Iterations":8,"Backtracking Step Size":1}