{"Norm Gradient":1.7234999686971275,"perturbation":0.01,"Execution Time":10.007648944854736,"_wandb":{"runtime":11},"derivative_method":"forward","_step":60,"_runtime":11.577544,"preconditioner":"yes","Backtracking Step Size":8.881784197001252e-16,"_timestamp":1.7554428955982616e+09,"Inner Iterations":0}