{"_timestamp":1.756051503851268e+09,"_wandb":{"runtime":20},"Adaptive Tolerance":0.017157714173618978,"_step":78,"Execution Time":20.087462902069092,"perturbation":1e-12,"_runtime":20.166232917,"derivative_method":"central","Backtracking Step Size":1,"Norm Gradient":0.13098745807755405,"rate_of_convergence":"quadratic","Inner Iterations":3}