{"Inner Iterations":0,"perturbation":1e-06,"_wandb":{"runtime":20},"preconditioner":"yes","Backtracking Step Size":1.1641532182693481e-10,"_runtime":20.197450625,"Execution Time":20.116522073745728,"Norm Gradient":0.018177368952488553,"_step":51,"derivative_method":"backward","_timestamp":1.7556132775048e+09}