{"rate_of_convergence":"superlinear","Execution Time":637.1165719032288,"perturbation":0.0001,"Adaptive Tolerance":0.005408285606419693,"_wandb":{"runtime":642},"_runtime":642.770913375,"_timestamp":1.7556847488864572e+09,"Norm Gradient":0.030811043855601024,"derivative_method":"forward","Inner Iterations":100,"_step":3,"Backtracking Step Size":1}