{"Backtracking Step Size":0.000244140625,"Norm Gradient":615.9246934679327,"Execution Time":80.03561162948608,"derivative_method":"backward","_runtime":80.185951291,"preconditioner":"no","Inner Iterations":0,"_step":29,"perturbation":0.01,"_timestamp":1.755520208646828e+09,"_wandb":{"runtime":80}}