{"Adaptive Tolerance":7.419726746390758e-05,"Inner Iterations":100,"_timestamp":1.755623914223996e+09,"rate_of_convergence":"superlinear","Backtracking Step Size":1,"derivative_method":"adaptive_central","Execution Time":20.62418222427368,"Norm Gradient":0.0017657339781419863,"_wandb":{"runtime":20},"_runtime":20.70721475,"perturbation":1e-06,"_step":12}