{"_wandb":{"runtime":80},"Norm Gradient":0.05708730210131913,"Backtracking Step Size":4.547473508864641e-13,"_timestamp":1.756044770352635e+09,"Adaptive Tolerance":0.0032589600612072758,"_runtime":80.663265667,"_step":39,"rate_of_convergence":"quadratic","Execution Time":80.4501564502716,"perturbation":0.01,"derivative_method":"central","Inner Iterations":0}