{"_runtime":20.296955959,"_wandb":{"runtime":20},"derivative_method":"forward","Norm Gradient":7.330817854905719,"_timestamp":1.755546125161283e+09,"preconditioner":"yes","_step":41,"perturbation":1e-12,"Inner Iterations":26,"Execution Time":20.21457076072693,"Backtracking Step Size":1}