{"_step":8,"preconditioner":"no","perturbation":0.01,"Backtracking Step Size":1,"_wandb":{"runtime":80},"derivative_method":"forward","Execution Time":80.34392929077148,"Inner Iterations":0,"_timestamp":1.7567132103527098e+09,"Norm Gradient":456.61369087926107,"_runtime":80.516767417}