{"Execution Time":334.6521279811859,"_wandb":{"runtime":349},"perturbation":0.01,"Inner Iterations":1,"_timestamp":1.7558850070313668e+09,"Adaptive Tolerance":247.614549215425,"rate_of_convergence":"quadratic","_step":3,"Backtracking Step Size":1,"Norm Gradient":495.22909843085,"derivative_method":"adaptive_backward","_runtime":349.641152166}