{"_runtime":20.217140375,"derivative_method":"backward","Execution Time":20.089038133621216,"_timestamp":1.75674798317006e+09,"Norm Gradient":2.807341633002733,"_wandb":{"runtime":20},"Inner Iterations":0,"Backtracking Step Size":1.7763568394002505e-15,"perturbation":0.01,"preconditioner":"no","_step":86}