{"Inner Iterations":18,"Backtracking Step Size":1,"Execution Time":20.189023971557617,"preconditioner":"yes","_step":41,"perturbation":1e-10,"Norm Gradient":7.254823532187719,"_wandb":{"runtime":20},"_timestamp":1.755546103224467e+09,"derivative_method":"forward","_runtime":20.284130792}