{"_timestamp":1.7559554760867672e+09,"_step":14,"_runtime":235.705470458,"derivative_method":"adaptive_backward","Norm Gradient":2523.9008598120076,"Execution Time":232.28497433662415,"Inner Iterations":1,"Adaptive Tolerance":1261.9504299060038,"perturbation":1e-12,"rate_of_convergence":"superlinear","_wandb":{"runtime":235},"Backtracking Step Size":0.001953125}