{"_wandb":{"runtime":80},"Execution Time":80.08102989196777,"Adaptive Tolerance":3.974268248202415,"derivative_method":"backward","Inner Iterations":0,"_runtime":80.290307166,"perturbation":0.01,"Norm Gradient":7.94853649640483,"rate_of_convergence":"superlinear","Backtracking Step Size":1.7763568394002505e-15,"_step":63,"_timestamp":1.756041829503339e+09}