{"_runtime":20.131545292,"_wandb":{"runtime":20},"_timestamp":1.756050632784481e+09,"Backtracking Step Size":0.125,"Norm Gradient":0.06552388852925452,"perturbation":1e-12,"Adaptive Tolerance":0.01677256541011495,"derivative_method":"forward","Execution Time":20.05665683746338,"Inner Iterations":2,"_step":70,"rate_of_convergence":"superlinear"}