{"_wandb":{"runtime":20},"_runtime":20.163693834,"Norm Gradient":676.4411717320368,"derivative_method":"forward","_step":84,"Execution Time":20.041603326797485,"Backtracking Step Size":1,"perturbation":1e-08,"preconditioner":"no","_timestamp":1.756747916999549e+09,"Inner Iterations":0}