{"Backtracking Step Size":1,"Inner Iterations":0,"derivative_method":"central","_wandb":{"runtime":81},"_timestamp":1.756711141505499e+09,"_runtime":81.151782167,"_step":12,"preconditioner":"yes","Execution Time":80.99197578430176,"perturbation":0.0001,"Norm Gradient":323.6619703492201}