{"Inner Iterations":0,"Norm Gradient":3.759103344632054e-05,"_step":27,"Backtracking Step Size":5.684341886080802e-14,"perturbation":1e-06,"_wandb":{"runtime":80},"_timestamp":1.7567262526929479e+09,"_runtime":80.529735792,"preconditioner":"no","derivative_method":"backward","Execution Time":80.24829268455505}