{"_runtime":389.581145917,"perturbation":0.01,"Backtracking Step Size":1,"_wandb":{"runtime":389},"rate_of_convergence":"quadratic","Execution Time":373.69552063941956,"derivative_method":"adaptive_central","Norm Gradient":743.9657834434864,"Inner Iterations":1,"_step":2,"_timestamp":1.7557846788575099e+09,"Adaptive Tolerance":371.9828917217432}