{"Backtracking Step Size":1,"_wandb":{"runtime":4},"_timestamp":1.7560287955514739e+09,"rate_of_convergence":"quadratic","Norm Gradient":8.366055714764513e-05,"Inner Iterations":2,"Adaptive Tolerance":6.999088822254396e-09,"_runtime":4.6521225,"Execution Time":4.600796699523926,"perturbation":"exact","derivative_method":"exact","_step":63}