{"Inner Iterations":0,"Backtracking Step Size":1,"Norm Gradient":0.0013458675408540481,"preconditioner":"no","_wandb":{"runtime":8},"_step":20,"_timestamp":1.756319434158974e+09,"perturbation":0.0001,"_runtime":8.451510417,"derivative_method":"adaptive_central","Execution Time":8.368453979492188}