{"Norm Gradient":1.8027812112956987e-05,"perturbation":0.01,"derivative_method":"forward","_runtime":8.050402708,"Execution Time":7.970378875732422,"_wandb":{"runtime":8},"Backtracking Step Size":1,"_timestamp":1.755614643043526e+09,"preconditioner":"no","_step":24,"Inner Iterations":0}