{"preconditioner":"no","Backtracking Step Size":1,"Execution Time":6.110581636428833,"perturbation":0.0001,"derivative_method":"central","Norm Gradient":1.1058942317855436e-05,"_wandb":{"runtime":6},"_step":11,"Inner Iterations":0,"_runtime":6.192709833,"_timestamp":1.755546873205176e+09}