{"_runtime":81.826584875,"perturbation":0.01,"Backtracking Step Size":8.881784197001252e-16,"Inner Iterations":0,"_wandb":{"runtime":81},"Execution Time":81.54183793067932,"_step":27,"preconditioner":"no","_timestamp":1.756724685253689e+09,"Norm Gradient":8.979418926888545,"derivative_method":"adaptive_backward"}