{"Inner Iterations":0,"Execution Time":20.2514488697052,"perturbation":1e-12,"derivative_method":"central","Norm Gradient":1687.7812998197735,"preconditioner":"no","_wandb":{"runtime":20},"Backtracking Step Size":1,"_step":52,"_timestamp":1.755452191190945e+09,"_runtime":20.343967916}