{"_timestamp":1.756051267503552e+09,"perturbation":1e-12,"Adaptive Tolerance":0.004426026763396555,"rate_of_convergence":"quadratic","derivative_method":"forward","_wandb":{"runtime":20},"Execution Time":20.040942192077637,"Norm Gradient":0.0665283906568959,"Backtracking Step Size":0.125,"_runtime":20.119242917,"Inner Iterations":5,"_step":69}