{"Execution Time":79.85944604873657,"Inner Iterations":0,"_wandb":{"runtime":80},"_runtime":80.04075575,"_timestamp":1.75602833866508e+09,"Backtracking Step Size":1,"_step":98,"rate_of_convergence":"quadratic","perturbation":1e-10,"derivative_method":"adaptive_backward","Norm Gradient":4.926320303864705,"Adaptive Tolerance":2.4631601519323527}