{"Inner Iterations":0,"_step":10,"_wandb":{"runtime":37},"Backtracking Step Size":1,"derivative_method":"forward","perturbation":1e-06,"Execution Time":37.71109652519226,"_runtime":37.930479166,"preconditioner":"no","Norm Gradient":0.00010259078400958207,"_timestamp":1.75557703686537e+09}