{"derivative_method":"backward","Inner Iterations":0,"_step":27,"_runtime":80.489266167,"perturbation":0.0001,"Backtracking Step Size":1.1368683772161603e-13,"Norm Gradient":0.012616572229450609,"_timestamp":1.7567261703728058e+09,"preconditioner":"no","_wandb":{"runtime":80},"Execution Time":80.20721483230591}