{"Inner Iterations":0,"Backtracking Step Size":1,"perturbation":1e-08,"preconditioner":"no","derivative_method":"central","Execution Time":82.23550462722778,"_timestamp":1.7567357060581272e+09,"_wandb":{"runtime":82},"Norm Gradient":2.2699518799601592,"_step":27,"_runtime":82.422051875}