{"Adaptive Tolerance":2001.685468704313,"derivative_method":"adaptive_central","Backtracking Step Size":1,"_timestamp":1.7557733231633952e+09,"_wandb":{"runtime":392},"Norm Gradient":4003.370937408626,"_step":2,"Execution Time":376.01167821884155,"_runtime":392.286148125,"perturbation":1e-12,"rate_of_convergence":"superlinear","Inner Iterations":0}