{"Execution Time":81.74266529083252,"Inner Iterations":0,"derivative_method":"exact","_timestamp":1.755518694702754e+09,"preconditioner":"yes","Norm Gradient":3.033360331339985,"_wandb":{"runtime":81},"_runtime":81.896660458,"Backtracking Step Size":7.105427357601002e-15,"_step":21,"perturbation":"exact"}