{"_step":84,"Execution Time":20.102791786193848,"Norm Gradient":0.006087539714673233,"rate_of_convergence":"superlinear","_wandb":{"runtime":20},"_runtime":20.180221792,"Backtracking Step Size":2.2737367544323206e-13,"perturbation":0.0001,"Adaptive Tolerance":0.0004749662068492936,"Inner Iterations":2,"_timestamp":1.756050676483094e+09,"derivative_method":"backward"}