{"perturbation":1e-10,"Backtracking Step Size":1,"Inner Iterations":1,"rate_of_convergence":"quadratic","derivative_method":"forward","_step":3,"Execution Time":353.76301646232605,"Adaptive Tolerance":405.933806400526,"Norm Gradient":811.867612801052,"_wandb":{"runtime":367},"_runtime":367.94636075,"_timestamp":1.755890986552656e+09}