{"_runtime":20.141784333,"rate_of_convergence":"superlinear","Backtracking Step Size":0.00048828125,"Adaptive Tolerance":70.40073090779556,"_step":12,"perturbation":1e-08,"Execution Time":20.063021659851074,"_wandb":{"runtime":20},"Norm Gradient":140.80146181559113,"Inner Iterations":2,"derivative_method":"forward","_timestamp":1.756050588927906e+09}