{"Backtracking Step Size":4.76837158203125e-07,"_wandb":{"runtime":79},"_step":112,"perturbation":0.01,"Norm Gradient":89.08117839931126,"_runtime":79.863996542,"Inner Iterations":2,"rate_of_convergence":"quadratic","_timestamp":1.756029289244193e+09,"Adaptive Tolerance":44.54058919965563,"derivative_method":"backward","Execution Time":79.72643375396729}