{"perturbation":0.0001,"Norm Gradient":0.02965613027734573,"derivative_method":"backward","_runtime":80.402291792,"Adaptive Tolerance":0.005107068950213587,"Inner Iterations":0,"_step":63,"_wandb":{"runtime":80},"_timestamp":1.756041911642829e+09,"Execution Time":80.19505333900452,"rate_of_convergence":"superlinear","Backtracking Step Size":2.2737367544323206e-13}