{"derivative_method":"forward","_timestamp":1.7556132093211992e+09,"preconditioner":"yes","Backtracking Step Size":1,"Norm Gradient":398.17824501495807,"_step":45,"perturbation":1e-12,"_wandb":{"runtime":20},"Execution Time":20.107693433761597,"_runtime":20.223506041,"Inner Iterations":0}