{"Norm Gradient":55.689481858803454,"_wandb":{"runtime":20},"perturbation":1e-06,"derivative_method":"central","_timestamp":1.756037956046748e+09,"Inner Iterations":3,"rate_of_convergence":"quadratic","Adaptive Tolerance":27.844740929401727,"Execution Time":20.08268690109253,"_step":45,"_runtime":20.166637584,"Backtracking Step Size":1}