{"Backtracking Step Size":1,"Inner Iterations":100,"_wandb":{"runtime":93},"derivative_method":"adaptive_central","Norm Gradient":0.5549709226709924,"_runtime":93.42680225,"perturbation":1e-06,"rate_of_convergence":"superlinear","_timestamp":1.7556322728902779e+09,"Adaptive Tolerance":0.2774854613354962,"Execution Time":93.28453946113586,"_step":7}