{"_wandb":{"runtime":65},"_runtime":65.363853334,"_step":11,"Backtracking Step Size":1,"Inner Iterations":0,"preconditioner":"yes","_timestamp":1.755575058906218e+09,"perturbation":0.0001,"Norm Gradient":3.874749056992306e-05,"Execution Time":65.13577651977539,"derivative_method":"central"}