{"_runtime":7.665423041,"preconditioner":"yes","_timestamp":1.7555493472710242e+09,"Inner Iterations":0,"_step":10,"Norm Gradient":4.5502748484261094e-05,"derivative_method":"central","perturbation":1e-06,"Backtracking Step Size":1,"Execution Time":7.5909388065338135,"_wandb":{"runtime":7}}