{"_runtime":377.644588916,"perturbation":1e-10,"Adaptive Tolerance":405.933806400526,"derivative_method":"forward","Norm Gradient":811.867612801052,"_step":3,"rate_of_convergence":"superlinear","Inner Iterations":0,"_wandb":{"runtime":377},"Backtracking Step Size":1,"_timestamp":1.755877574981471e+09,"Execution Time":362.61084365844727}