{"Backtracking Step Size":1,"perturbation":0.0001,"_wandb":{"runtime":8},"Execution Time":8.212058067321777,"_step":21,"_timestamp":1.755613128529496e+09,"preconditioner":"yes","Inner Iterations":0,"_runtime":8.289742083,"derivative_method":"forward","Norm Gradient":3.2614194287241877e-05}