{"derivative_method":"adaptive_backward","Norm Gradient":415.44741195779596,"_step":13,"Backtracking Step Size":0.125,"Inner Iterations":0,"_timestamp":1.756712106704114e+09,"_runtime":85.679451417,"perturbation":0.01,"preconditioner":"no","Execution Time":85.46893620491028,"_wandb":{"runtime":85}}