{"_runtime":88.206372083,"Backtracking Step Size":1,"preconditioner":"yes","_timestamp":1.7555556092132092e+09,"_wandb":{"runtime":88},"derivative_method":"central","_step":11,"Norm Gradient":2.2943902442088704,"Execution Time":88.05532455444336,"Inner Iterations":17,"perturbation":1e-10}