{"Backtracking Step Size":1.7763568394002505e-15,"perturbation":0.01,"Execution Time":20.033398389816284,"_step":48,"_wandb":{"runtime":20},"Inner Iterations":0,"_runtime":20.119041417,"_timestamp":1.75554990948977e+09,"preconditioner":"no","derivative_method":"backward","Norm Gradient":2.8073416329767418}