{"_step":222,"Backtracking Step Size":2.9103830456733704e-11,"Adaptive Tolerance":0.5073029892502597,"_wandb":{"runtime":79},"_runtime":79.946093667,"derivative_method":"forward","_timestamp":1.756028958860657e+09,"rate_of_convergence":"quadratic","perturbation":0.0001,"Execution Time":79.79779291152954,"Norm Gradient":1.0146059785005195,"Inner Iterations":1}