{"Inner Iterations":0,"preconditioner":"yes","_step":37,"_runtime":20.72794725,"perturbation":"exact","Execution Time":20.186238765716553,"_timestamp":1.7555487131551208e+09,"_wandb":{"runtime":20},"derivative_method":"adaptive_forward","Norm Gradient":0.23349456820445125,"Backtracking Step Size":7.105427357601002e-15}