{"_wandb":{"runtime":32},"_timestamp":1.755554472879185e+09,"Execution Time":32.42452597618103,"preconditioner":"yes","_step":8,"Backtracking Step Size":1,"perturbation":0.01,"Norm Gradient":1.6239423510335808e-05,"derivative_method":"forward","_runtime":32.572844291,"Inner Iterations":0}