{"Norm Gradient":157.5839629638697,"perturbation":1e-06,"derivative_method":"adaptive_forward","Backtracking Step Size":1,"_step":3,"rate_of_convergence":"quadratic","_timestamp":1.755883551093531e+09,"Adaptive Tolerance":78.79198148193485,"Execution Time":354.7596597671509,"Inner Iterations":2,"_wandb":{"runtime":371},"_runtime":371.085997541}