{"Execution Time":309.237694978714,"derivative_method":"backward","Inner Iterations":1,"perturbation":1e-12,"rate_of_convergence":"superlinear","Adaptive Tolerance":530.3562993073461,"_step":3,"_wandb":{"runtime":324},"Norm Gradient":1060.7125986146923,"Backtracking Step Size":0.03125,"_runtime":324.339010792,"_timestamp":1.7557775713877919e+09}