{"_wandb":{"runtime":4},"perturbation":0.01,"derivative_method":"central","preconditioner":"no","Norm Gradient":1.2300331106265114e-05,"_step":11,"_timestamp":1.756745794190739e+09,"Inner Iterations":0,"_runtime":4.223632375,"Execution Time":4.1166253089904785,"Backtracking Step Size":1}