{"perturbation":1e-06,"_runtime":20.156893,"derivative_method":"adaptive_backward","_timestamp":1.756037456123915e+09,"Execution Time":20.065295219421387,"Norm Gradient":0.0029911376209409484,"rate_of_convergence":"quadratic","Backtracking Step Size":1,"Inner Iterations":2,"Adaptive Tolerance":8.946904267408278e-06,"_step":92,"_wandb":{"runtime":20}}