{"_timestamp":1.7554409494190354e+09,"_runtime":10.267029,"Norm Gradient":1.7234999898149763,"_step":80,"derivative_method":"forward","Inner Iterations":0,"Backtracking Step Size":8.881784197001252e-16,"_wandb":{"runtime":10},"perturbation":0.01,"preconditioner":"no","Execution Time":10.08200454711914}