{"Inner Iterations":0,"preconditioner":"no","perturbation":1e-12,"_timestamp":1.755452092571876e+09,"_wandb":{"runtime":20},"derivative_method":"backward","Execution Time":20.084471940994263,"_step":63,"_runtime":20.169091583,"Norm Gradient":66.91211689759116,"Backtracking Step Size":1}