{"Adaptive Tolerance":125.94237598132486,"Norm Gradient":251.88475196264972,"perturbation":1e-08,"_wandb":{"runtime":328},"_runtime":328.787150667,"Execution Time":314.1785840988159,"_timestamp":1.755790236365448e+09,"Inner Iterations":1,"Backtracking Step Size":0.0078125,"rate_of_convergence":"quadratic","_step":3,"derivative_method":"backward"}