{"Adaptive Tolerance":332.21270984743063,"_timestamp":1.7558813730033762e+09,"Execution Time":375.96478724479675,"Backtracking Step Size":1,"Inner Iterations":0,"perturbation":1e-06,"rate_of_convergence":"superlinear","_wandb":{"runtime":394},"Norm Gradient":664.4254196948613,"_runtime":394.90151975,"derivative_method":"central","_step":2}