{"Norm Gradient":0.7127204533814258,"_timestamp":1.7556778765886312e+09,"_wandb":{"runtime":627},"perturbation":1e-06,"Execution Time":621.6637749671936,"Inner Iterations":100,"rate_of_convergence":"superlinear","Adaptive Tolerance":0.3563602266907129,"derivative_method":"adaptive_backward","Backtracking Step Size":1,"_step":2,"_runtime":627.460320458}