{"Adaptive Tolerance":14.418384490649071,"derivative_method":"exact","Inner Iterations":1000,"Backtracking Step Size":1,"_step":7,"Norm Gradient":35.31514375326893,"perturbation":"exact","rate_of_convergence":"superlinear","Execution Time":85.63942313194275,"_wandb":{"runtime":85},"_runtime":85.8674692,"_timestamp":1.75553317519866e+09}