{"Backtracking Step Size":8.881784197001252e-16,"Inner Iterations":0,"_timestamp":1.7554429106254604e+09,"perturbation":0.01,"Execution Time":10.042237997055054,"_wandb":{"runtime":10},"_step":82,"preconditioner":"no","derivative_method":"forward","_runtime":10.2361541,"Norm Gradient":1.7234999898149763}