{"_step":113,"Adaptive Tolerance":0.9811184784678267,"derivative_method":"backward","Backtracking Step Size":1.7763568394002505e-15,"_timestamp":1.756050654590139e+09,"perturbation":0.01,"rate_of_convergence":"superlinear","_runtime":20.136603917,"Execution Time":20.047879934310913,"Norm Gradient":1.9622369569356535,"_wandb":{"runtime":20},"Inner Iterations":2}