{"derivative_method":"forward","Norm Gradient":1.1493167567514624e-05,"preconditioner":"no","_wandb":{"runtime":20},"Inner Iterations":0,"_runtime":20.190449792,"Execution Time":20.071090698242188,"Backtracking Step Size":1.4210854715202004e-14,"perturbation":0.01,"_step":102,"_timestamp":1.756745594747127e+09}