{"_runtime":20.086650458,"Backtracking Step Size":0.00390625,"Execution Time":20.00158977508545,"Inner Iterations":1,"_wandb":{"runtime":20},"rate_of_convergence":"quadratic","_step":53,"Adaptive Tolerance":31.842916570876767,"Norm Gradient":63.685833141753534,"_timestamp":1.756037368284373e+09,"derivative_method":"adaptive_forward","perturbation":1e-10}