{"Execution Time":353.21004605293274,"Inner Iterations":0,"derivative_method":"forward","rate_of_convergence":"quadratic","Adaptive Tolerance":19.51882579131293,"_step":3,"_timestamp":1.755787038933086e+09,"_runtime":368.16339875,"Backtracking Step Size":1,"_wandb":{"runtime":368},"Norm Gradient":39.03765158262586,"perturbation":0.01}