{"Inner Iterations":3,"Execution Time":79.9880428314209,"Adaptive Tolerance":0.18209138204527137,"perturbation":1e-12,"Backtracking Step Size":0.015625,"_wandb":{"runtime":80},"_runtime":80.203158167,"_timestamp":1.756040561548797e+09,"Norm Gradient":0.36418276409054273,"rate_of_convergence":"superlinear","derivative_method":"adaptive_forward","_step":55}