{"Inner Iterations":0,"_step":39,"preconditioner":"no","_runtime":20.126166333,"derivative_method":"central","perturbation":1e-12,"Norm Gradient":7.248267308898754,"Backtracking Step Size":1,"_wandb":{"runtime":20},"_timestamp":1.7555469475526578e+09,"Execution Time":20.042116165161133}