{"perturbation":1e-06,"_runtime":81.01180675,"_timestamp":1.756710701846385e+09,"Execution Time":80.86977791786194,"Inner Iterations":0,"Backtracking Step Size":0.5,"_wandb":{"runtime":81},"derivative_method":"backward","Norm Gradient":185.42591935351416,"_step":11,"preconditioner":"yes"}