{"Norm Gradient":86.80792233637513,"Backtracking Step Size":1,"_timestamp":1.7560287891593769e+09,"Adaptive Tolerance":43.403961168187564,"_runtime":79.956778833,"Execution Time":79.80549335479736,"_wandb":{"runtime":79},"rate_of_convergence":"quadratic","_step":118,"derivative_method":"adaptive_central","perturbation":1e-12,"Inner Iterations":3}