{"_step":166,"Norm Gradient":0.002206400507895549,"perturbation":1e-06,"_runtime":79.895276416,"rate_of_convergence":"superlinear","derivative_method":"backward","_timestamp":1.756026905639015e+09,"_wandb":{"runtime":79},"Inner Iterations":2,"Adaptive Tolerance":0.00010363978973231518,"Execution Time":79.75410914421082,"Backtracking Step Size":4.547473508864641e-13}