{"_timestamp":1.756051289252337e+09,"Inner Iterations":2,"Adaptive Tolerance":0.9811184784678267,"_wandb":{"runtime":20},"rate_of_convergence":"quadratic","Execution Time":20.002992391586304,"_runtime":20.094763959,"Norm Gradient":1.9622369569356535,"_step":113,"Backtracking Step Size":1.7763568394002505e-15,"derivative_method":"backward","perturbation":0.01}