{"Inner Iterations":185,"rate_of_convergence":"superlinear","_timestamp":1.7555339680571134e+09,"Execution Time":41.8090558052063,"derivative_method":"exact","_step":13,"Backtracking Step Size":1,"Adaptive Tolerance":12.382974528681535,"perturbation":"exact","_wandb":{"runtime":42},"_runtime":42.0421892,"Norm Gradient":60.212727438874246}