{"derivative_method":"adaptive_central","Execution Time":20.01421093940735,"Inner Iterations":1,"Norm Gradient":0.32190646138724865,"_timestamp":1.75605118370683e+09,"Backtracking Step Size":1,"_wandb":{"runtime":20},"perturbation":1e-12,"_step":46,"Adaptive Tolerance":0.1036237698828602,"_runtime":20.099922417,"rate_of_convergence":"quadratic"}