{"_wandb":{"runtime":20},"Backtracking Step Size":1.1368683772161603e-13,"Execution Time":20.171799182891846,"Inner Iterations":0,"_timestamp":1.7567476529237068e+09,"preconditioner":"no","derivative_method":"adaptive_backward","_step":83,"_runtime":20.307132416,"perturbation":0.0001,"Norm Gradient":0.003993260204182459}