{"Adaptive Tolerance":0.001010786466072233,"Norm Gradient":0.03179286816366578,"_wandb":{"runtime":20},"Backtracking Step Size":1,"derivative_method":"adaptive_forward","_timestamp":1.756050945030695e+09,"perturbation":1e-12,"Inner Iterations":2,"_step":98,"_runtime":20.125866542,"rate_of_convergence":"quadratic","Execution Time":20.031254291534424}