{"perturbation":1e-06,"_wandb":{"runtime":323},"_runtime":323.273778833,"rate_of_convergence":"superlinear","Adaptive Tolerance":0.36269465600583967,"derivative_method":"adaptive_central","Execution Time":315.87594413757324,"Norm Gradient":0.7253893120116793,"_timestamp":1.755691459252615e+09,"Inner Iterations":20,"_step":0,"Backtracking Step Size":0.25}