{"Norm Gradient":1.2729279659819069e-06,"preconditioner":"no","_wandb":{"runtime":7},"Backtracking Step Size":1,"perturbation":0.0001,"derivative_method":"forward","_timestamp":1.755451879642947e+09,"Inner Iterations":0,"_step":22,"_runtime":7.193347209,"Execution Time":7.11822772026062}