{"preconditioner":"no","Execution Time":20.193041801452637,"derivative_method":"adaptive_central","Norm Gradient":0.02068033412031734,"perturbation":0.01,"_timestamp":1.756747763190013e+09,"_wandb":{"runtime":20},"Backtracking Step Size":1.7763568394002505e-15,"Inner Iterations":0,"_step":45,"_runtime":20.358072875}