{"derivative_method":"backward","Backtracking Step Size":1,"_wandb":{"runtime":20},"_timestamp":1.756050764142637e+09,"_step":114,"perturbation":1e-12,"Execution Time":20.100319623947144,"Inner Iterations":1,"Adaptive Tolerance":0.006185495577225458,"rate_of_convergence":"superlinear","Norm Gradient":0.03369636086051141,"_runtime":20.181654083}