{"_wandb":{"runtime":20},"_step":42,"Backtracking Step Size":8.881784197001252e-16,"Execution Time":20.422155141830444,"_runtime":20.504902917,"Inner Iterations":0,"derivative_method":"backward","_timestamp":1.7555461696090171e+09,"preconditioner":"yes","perturbation":0.0001,"Norm Gradient":2.027776936636064e-05}