{"Backtracking Step Size":1,"Norm Gradient":0.6305040912900234,"Adaptive Tolerance":0.3152520456450117,"_step":6,"Execution Time":315.6492097377777,"_runtime":322.9730055,"_timestamp":1.7556982291783109e+09,"_wandb":{"runtime":322},"derivative_method":"central","Inner Iterations":0,"perturbation":1e-12,"rate_of_convergence":"superlinear"}