{"_runtime":332.641575958,"Backtracking Step Size":1,"Adaptive Tolerance":0.3587331381516307,"derivative_method":"central","rate_of_convergence":"quadratic","_step":3,"Inner Iterations":2,"_wandb":{"runtime":332},"Execution Time":325.312735080719,"Norm Gradient":0.7174662763032614,"_timestamp":1.75570958711639e+09,"perturbation":1e-10}