{"Backtracking Step Size":7.105427357601002e-15,"preconditioner":"yes","Inner Iterations":0,"perturbation":0.01,"derivative_method":"forward","Norm Gradient":0.23349456820445125,"_runtime":20.380728375,"_timestamp":1.755549076006037e+09,"_wandb":{"runtime":20},"Execution Time":20.306108951568604,"_step":38}