{"Backtracking Step Size":1,"preconditioner":"yes","_step":17,"Execution Time":84.13415789604187,"_runtime":84.380566167,"derivative_method":"central","_timestamp":1.756724064932555e+09,"_wandb":{"runtime":84},"Norm Gradient":2940.8429888893334,"Inner Iterations":0,"perturbation":1e-10}