{"Inner Iterations":0,"_timestamp":1.756739738539934e+09,"Backtracking Step Size":1,"Norm Gradient":7.033679646699781e-05,"_wandb":{"runtime":37},"Execution Time":37.521960496902466,"preconditioner":"no","derivative_method":"forward","_step":21,"perturbation":0.0001,"_runtime":37.71077725}