{"Backtracking Step Size":4.547473508864641e-13,"Inner Iterations":0,"preconditioner":"no","_wandb":{"runtime":20},"Norm Gradient":0.0019582521956581674,"perturbation":0.0001,"_step":84,"_runtime":20.261239291,"derivative_method":"adaptive_forward","_timestamp":1.756747536176569e+09,"Execution Time":20.124732971191406}