{"_step":23,"Backtracking Step Size":0.00390625,"Adaptive Tolerance":1.4669278506957944e-08,"Norm Gradient":0.00012111679696457442,"derivative_method":"exact","perturbation":"exact","_runtime":0.32161675,"_timestamp":1.7556273509047182e+09,"_wandb":{"runtime":0},"rate_of_convergence":"quadratic","Execution Time":0.07508635520935059,"Inner Iterations":2}