{"_timestamp":1.755572570744042e+09,"Inner Iterations":0,"Backtracking Step Size":4.547473508864641e-13,"derivative_method":"adaptive_forward","Norm Gradient":0.006197222534307987,"perturbation":"exact","_wandb":{"runtime":82},"_runtime":82.624443625,"preconditioner":"yes","_step":18,"Execution Time":82.37864661216736}