{"_runtime":20.090278542,"perturbation":1e-12,"Inner Iterations":3,"rate_of_convergence":"superlinear","Backtracking Step Size":1,"Norm Gradient":0.13098745807755405,"_wandb":{"runtime":20},"derivative_method":"central","Execution Time":20.012589931488037,"Adaptive Tolerance":0.047407229048148036,"_timestamp":1.7560508622868621e+09,"_step":78}