{"Norm Gradient":198.2790552829271,"Adaptive Tolerance":14.431969713767742,"derivative_method":"exact","perturbation":"exact","Inner Iterations":1000,"_runtime":180.614943,"_step":2,"rate_of_convergence":"quadratic","_timestamp":1.7555365799685483e+09,"Execution Time":180.39635825157166,"_wandb":{"runtime":180},"Backtracking Step Size":1}