{"_step":48,"_runtime":79.955581917,"Norm Gradient":0.9461404621058419,"rate_of_convergence":"superlinear","derivative_method":"adaptive_backward","_timestamp":1.7560410538354208e+09,"Adaptive Tolerance":0.47307023105292095,"Execution Time":79.73903441429138,"perturbation":1e-12,"Backtracking Step Size":0.125,"Inner Iterations":1,"_wandb":{"runtime":79}}