{"Backtracking Step Size":1,"Inner Iterations":0,"_step":18,"Norm Gradient":2923.481124268281,"perturbation":1e-08,"_wandb":{"runtime":79},"preconditioner":"no","derivative_method":"forward","_timestamp":1.7555771186210072e+09,"_runtime":79.967549334,"Execution Time":79.75987720489502}