{"_runtime":20.4876984,"Adaptive Tolerance":0.16261703844318084,"perturbation":0.0001,"_wandb":{"runtime":20},"_timestamp":1.755534819024779e+09,"Backtracking Step Size":0.0009765625,"Inner Iterations":2,"_step":52,"rate_of_convergence":"quadratic","Norm Gradient":0.5903406284148128,"Execution Time":20.236117601394653,"derivative_method":"backward"}