{"Norm Gradient":1.1199525907786404e-05,"_step":16,"_timestamp":1.755635517786321e+09,"Adaptive Tolerance":1.2542938055917888e-10,"_wandb":{"runtime":87},"perturbation":0.0001,"_runtime":87.105335416,"derivative_method":"backward","Execution Time":86.96867728233337,"Backtracking Step Size":1,"rate_of_convergence":"quadratic","Inner Iterations":100}