{"_timestamp":1.756745744179094e+09,"Execution Time":20.159464120864868,"perturbation":1e-08,"_runtime":20.282518167,"Inner Iterations":0,"Norm Gradient":6.337101762048035,"_step":100,"preconditioner":"no","derivative_method":"backward","_wandb":{"runtime":20},"Backtracking Step Size":1}