{"Backtracking Step Size":1,"_runtime":20.295876166,"_timestamp":1.756745669596756e+09,"_wandb":{"runtime":20},"_step":90,"derivative_method":"forward","Norm Gradient":7.156805689241599,"perturbation":1e-12,"Execution Time":20.157140970230103,"preconditioner":"no","Inner Iterations":0}