{"_runtime":86.418069,"Adaptive Tolerance":2.2959733238508612e-08,"_timestamp":1.7556350800230389e+09,"Norm Gradient":0.00015152469514408736,"perturbation":0.01,"Execution Time":86.28858590126038,"Backtracking Step Size":1,"Inner Iterations":100,"_wandb":{"runtime":86},"derivative_method":"forward","_step":18,"rate_of_convergence":"quadratic"}