{"_runtime":20.216632125,"perturbation":1e-06,"_timestamp":1.755623805411204e+09,"Adaptive Tolerance":0.17546123022873028,"rate_of_convergence":"superlinear","Inner Iterations":100,"Execution Time":20.137573719024658,"derivative_method":"adaptive_backward","Norm Gradient":0.35092246045746056,"Backtracking Step Size":0.25,"_wandb":{"runtime":20},"_step":9}