{"Execution Time":79.83119535446167,"_step":46,"_timestamp":1.756740207479048e+09,"_runtime":79.999434083,"Backtracking Step Size":3.552713678800501e-15,"Norm Gradient":3.4046405607826014,"_wandb":{"runtime":79},"preconditioner":"no","Inner Iterations":0,"derivative_method":"backward","perturbation":0.0001}