{"_wandb":{"runtime":49},"Execution Time":49.140981674194336,"_step":10,"perturbation":1e-06,"_timestamp":1.7555741387143521e+09,"Inner Iterations":0,"preconditioner":"yes","Backtracking Step Size":1,"_runtime":49.366411333,"Norm Gradient":0.00010938260695096466,"derivative_method":"forward"}