{"Execution Time":20.1587495803833,"_runtime":20.247142,"Backtracking Step Size":8.881784197001252e-16,"_step":42,"preconditioner":"yes","_timestamp":1.755545823974727e+09,"derivative_method":"adaptive_backward","Inner Iterations":0,"_wandb":{"runtime":20},"perturbation":"exact","Norm Gradient":0.0021380349590365126}