{"_wandb":{"runtime":315},"_step":2,"Adaptive Tolerance":85.76840174925334,"Backtracking Step Size":1,"Norm Gradient":171.53680349850669,"Inner Iterations":4,"derivative_method":"adaptive_forward","perturbation":0.01,"rate_of_convergence":"quadratic","_runtime":315.901520917,"_timestamp":1.755780307729876e+09,"Execution Time":301.23240661621094}