{"Backtracking Step Size":1,"rate_of_convergence":"quadratic","_timestamp":1.755893811412538e+09,"Execution Time":372.9708836078644,"Adaptive Tolerance":371.91574864211844,"_wandb":{"runtime":389},"perturbation":0.01,"Norm Gradient":743.8314972842369,"derivative_method":"central","Inner Iterations":1,"_step":2,"_runtime":389.29480625}