{"_step":22,"Execution Time":74.22185015678406,"_runtime":74.366323875,"derivative_method":"forward","preconditioner":"yes","perturbation":1e-06,"_wandb":{"runtime":74},"Norm Gradient":0.06734108106058295,"Backtracking Step Size":1,"Inner Iterations":0,"_timestamp":1.7555167401099389e+09}