{"_runtime":20.179357458,"preconditioner":"no","Execution Time":20.083855628967285,"Inner Iterations":0,"Norm Gradient":38.254158237149056,"_step":52,"derivative_method":"adaptive_forward","_timestamp":1.7563192812208278e+09,"_wandb":{"runtime":20},"perturbation":1e-12,"Backtracking Step Size":1}