{"Backtracking Step Size":1,"preconditioner":"yes","perturbation":1e-12,"Inner Iterations":0,"Execution Time":20.054715633392334,"_runtime":20.148331833,"_timestamp":1.7563191878693278e+09,"Norm Gradient":1687.3472609858638,"_wandb":{"runtime":20},"_step":40,"derivative_method":"central"}