{"Adaptive Tolerance":27.357220410734246,"Norm Gradient":52.27715893484107,"rate_of_convergence":"quadratic","_timestamp":1.7555350242549074e+09,"_wandb":{"runtime":20},"Execution Time":20.179429292678833,"derivative_method":"backward","Inner Iterations":1,"_step":50,"perturbation":1e-12,"Backtracking Step Size":1,"_runtime":20.4366519}