{"Inner Iterations":12,"_runtime":20.427408041,"Norm Gradient":47.254427531030075,"preconditioner":"no","Execution Time":20.344325304031372,"_step":57,"_timestamp":1.755614684583953e+09,"perturbation":1e-08,"derivative_method":"forward","_wandb":{"runtime":20},"Backtracking Step Size":1}