{"Adaptive Tolerance":118.75053614541275,"Inner Iterations":27,"derivative_method":"adaptive_central","Norm Gradient":237.5010722908255,"_runtime":80.000787708,"rate_of_convergence":"superlinear","Backtracking Step Size":0.00390625,"_wandb":{"runtime":80},"perturbation":1e-08,"Execution Time":79.86754012107849,"_step":12,"_timestamp":1.756026078718749e+09}