{"Backtracking Step Size":8.881784197001252e-16,"_wandb":{"runtime":20},"derivative_method":"adaptive_forward","Adaptive Tolerance":74.56158707521553,"rate_of_convergence":"superlinear","_timestamp":1.756036596143459e+09,"Norm Gradient":149.12317415043105,"_runtime":20.164627167,"Inner Iterations":36,"perturbation":1e-08,"_step":8,"Execution Time":20.08336639404297}