{"_step":383,"_wandb":{"runtime":10},"_runtime":10,"Iteration":383,"Norm Gradient":0.00242848478020462,"_timestamp":1.7553593621556072e+09}