{"Inner Iterations":0,"_timestamp":1.756710016437561e+09,"_wandb":{"runtime":85},"Backtracking Step Size":1,"_step":9,"perturbation":0.01,"_runtime":85.028217875,"preconditioner":"yes","Norm Gradient":310.78598690794917,"derivative_method":"forward","Execution Time":84.86483907699585}