{"perturbation":1e-12,"derivative_method":"forward","Backtracking Step Size":1,"Norm Gradient":35.90776768078229,"_timestamp":1.755451957178426e+09,"_step":58,"preconditioner":"no","_wandb":{"runtime":20},"_runtime":20.361444875,"Execution Time":20.26702857017517,"Inner Iterations":0}