{"Adaptive Tolerance":7.418904544265118e-10,"_wandb":{"runtime":26},"Norm Gradient":2.7237666097272575e-05,"rate_of_convergence":"quadratic","_runtime":26.420970791,"derivative_method":"exact","perturbation":"exact","_step":13,"_timestamp":1.755786668984672e+09,"Inner Iterations":10,"Execution Time":26.167853116989136,"Backtracking Step Size":1}