{"Backtracking Step Size":0.5,"_wandb":{"runtime":81},"_runtime":81.269209333,"perturbation":0.01,"Inner Iterations":0,"_step":12,"Execution Time":81.06762290000916,"preconditioner":"no","derivative_method":"central","_timestamp":1.756714256065349e+09,"Norm Gradient":20.663759701653213}