{"_runtime":308.225479917,"Inner Iterations":2,"perturbation":0.0001,"derivative_method":"adaptive_central","Norm Gradient":224.76042601441,"Backtracking Step Size":1,"_wandb":{"runtime":308},"rate_of_convergence":"superlinear","_timestamp":1.755956095446688e+09,"_step":10,"Adaptive Tolerance":112.380213007205,"Execution Time":303.83353781700134}