{"Norm Gradient":34.93386645416242,"Backtracking Step Size":1,"derivative_method":"central","perturbation":0.0001,"rate_of_convergence":"superlinear","Execution Time":20.463274717330933,"_step":34,"Adaptive Tolerance":12.375091443347799,"_runtime":20.805243,"_timestamp":1.7555327168338125e+09,"_wandb":{"runtime":20},"Inner Iterations":2}