{"Inner Iterations":0,"_runtime":80.332547208,"derivative_method":"backward","_step":27,"_wandb":{"runtime":80},"preconditioner":"no","_timestamp":1.7567260882546391e+09,"perturbation":0.01,"Execution Time":80.10197234153748,"Norm Gradient":8.861687346846832,"Backtracking Step Size":8.881784197001252e-16}