{"perturbation":0.01,"Inner Iterations":20,"_step":40,"_timestamp":1.755631360163262e+09,"Backtracking Step Size":3.552713678800501e-15,"_runtime":80.286000375,"Adaptive Tolerance":5.225467528340322e-06,"Execution Time":79.6869637966156,"rate_of_convergence":"superlinear","_wandb":{"runtime":80},"Norm Gradient":0.00030112728063616567,"derivative_method":"adaptive_forward"}