{"_wandb":{"runtime":80},"perturbation":1e-12,"Backtracking Step Size":1,"preconditioner":"yes","_timestamp":1.755574391088604e+09,"_runtime":80.708971875,"Execution Time":80.45302510261536,"Inner Iterations":0,"derivative_method":"forward","_step":15,"Norm Gradient":2911.2196605529025}