{"_wandb":{"runtime":20},"Backtracking Step Size":1,"_step":138,"preconditioner":"no","_runtime":20.16621975,"perturbation":1e-08,"Norm Gradient":28.47354221690736,"derivative_method":"forward","Execution Time":20.039013862609863,"Inner Iterations":0,"_timestamp":1.75674428420628e+09}