{"perturbation":1e-12,"Norm Gradient":1194.5097192695714,"_timestamp":1.756714173079395e+09,"Execution Time":84.15178632736206,"Inner Iterations":31,"_runtime":84.352373166,"preconditioner":"no","_wandb":{"runtime":84},"_step":7,"Backtracking Step Size":1,"derivative_method":"backward"}