{"_runtime":311.45589625,"Adaptive Tolerance":1397.0505301112612,"perturbation":1e-10,"rate_of_convergence":"superlinear","_wandb":{"runtime":311},"Norm Gradient":2794.1010602225224,"derivative_method":"adaptive_backward","_timestamp":1.755955238688722e+09,"Backtracking Step Size":0.001953125,"Inner Iterations":23,"Execution Time":308.0799922943115,"_step":12}