{"_step":11,"_wandb":{"runtime":81},"_runtime":81.408446542,"Execution Time":81.26177906990051,"Norm Gradient":2201.2146864060837,"Backtracking Step Size":1,"derivative_method":"central","Inner Iterations":0,"preconditioner":"no","_timestamp":1.7555211455618691e+09,"perturbation":1e-12}