{"_wandb":{"runtime":80},"Inner Iterations":0,"derivative_method":"forward","Norm Gradient":0.007034119165866161,"perturbation":0.01,"preconditioner":"no","Backtracking Step Size":1,"_timestamp":1.7555197162121658e+09,"_step":20,"_runtime":80.6502715,"Execution Time":80.51292634010315}