{"_runtime":20.338251083,"Norm Gradient":691.7225760280973,"derivative_method":"backward","preconditioner":"no","_timestamp":1.756748050002787e+09,"_wandb":{"runtime":20},"_step":85,"perturbation":1e-08,"Inner Iterations":0,"Execution Time":20.219682216644287,"Backtracking Step Size":1}