{"_wandb":{"runtime":81},"Backtracking Step Size":2.842170943040401e-14,"Inner Iterations":0,"preconditioner":"no","derivative_method":"adaptive_forward","_timestamp":1.7567242338905358e+09,"_step":27,"perturbation":0.01,"Norm Gradient":0.7300180358482895,"_runtime":81.730015667,"Execution Time":81.43483090400696}