{"Execution Time":83.1476891040802,"_step":20,"derivative_method":"forward","_timestamp":1.755577286605942e+09,"_runtime":83.373646916,"Inner Iterations":0,"Backtracking Step Size":1,"preconditioner":"no","perturbation":1e-12,"Norm Gradient":2958.8198501201855,"_wandb":{"runtime":83}}