{"perturbation":1e-08,"_step":29,"derivative_method":"central","_runtime":81.161313834,"Norm Gradient":0.08364412066505132,"_wandb":{"runtime":81},"rate_of_convergence":"quadratic","_timestamp":1.7556361174689229e+09,"Inner Iterations":100,"Backtracking Step Size":1,"Adaptive Tolerance":0.006996338921829666,"Execution Time":81.03360390663147}