{"_wandb":{"runtime":82},"Inner Iterations":0,"perturbation":"exact","Execution Time":82.02793550491333,"_runtime":82.176508959,"_step":21,"Norm Gradient":0.0006761060193207426,"preconditioner":"yes","derivative_method":"adaptive_backward","Backtracking Step Size":8.881784197001252e-16,"_timestamp":1.755553635475314e+09}