{"Inner Iterations":0,"_step":13,"Execution Time":84.67836093902588,"_wandb":{"runtime":84},"_runtime":84.865718208,"derivative_method":"forward","preconditioner":"yes","Backtracking Step Size":1,"Norm Gradient":141.46658571388065,"_timestamp":1.7567101030172539e+09,"perturbation":0.0001}