{"Execution Time":6.294297218322754,"Backtracking Step Size":1,"_wandb":{"runtime":6},"_step":10,"Norm Gradient":4.547610350329148e-05,"perturbation":1e-06,"_timestamp":1.7555500813162172e+09,"preconditioner":"no","_runtime":6.383118333,"derivative_method":"central","Inner Iterations":0}