{"Inner Iterations":0,"_step":12,"Norm Gradient":323.6619703492201,"Backtracking Step Size":1,"perturbation":0.0001,"preconditioner":"no","_timestamp":1.756714339017937e+09,"_runtime":81.288418417,"Execution Time":81.11873126029968,"derivative_method":"central","_wandb":{"runtime":81}}