{"preconditioner":"no","_wandb":{"runtime":6},"_runtime":6.160873417,"perturbation":0.01,"_step":11,"derivative_method":"central","_timestamp":1.7555468602528288e+09,"Backtracking Step Size":1,"Inner Iterations":0,"Execution Time":6.075615882873535,"Norm Gradient":1.2300331105454482e-05}