{"Execution Time":4.146446704864502,"perturbation":1e-06,"_timestamp":1.756745806001353e+09,"_runtime":4.2525474580000004,"derivative_method":"central","_step":11,"preconditioner":"no","Backtracking Step Size":1,"_wandb":{"runtime":4},"Inner Iterations":0,"Norm Gradient":1.1650629410348405e-05}