{"preconditioner":"no","_timestamp":1.755546661686501e+09,"Execution Time":4.229959726333618,"Backtracking Step Size":1,"_runtime":4.308224792,"Norm Gradient":3.1052671722927464e-05,"Inner Iterations":0,"perturbation":0.0001,"_wandb":{"runtime":4},"derivative_method":"forward","_step":11}