{"_wandb":{"runtime":372},"Execution Time":357.3142433166504,"perturbation":1e-12,"_runtime":372.320750125,"Inner Iterations":7,"_timestamp":1.755886851589936e+09,"rate_of_convergence":"quadratic","_step":2,"Backtracking Step Size":0.03125,"derivative_method":"adaptive_backward","Norm Gradient":2531.488859963229,"Adaptive Tolerance":1265.7444299816145}