{"preconditioner":"yes","Execution Time":11.039418697357178,"Inner Iterations":0,"_step":22,"Norm Gradient":0.00024617738634395513,"perturbation":1e-06,"_timestamp":1.7554510866280582e+09,"Backtracking Step Size":1,"derivative_method":"central","_wandb":{"runtime":11},"_runtime":11.13154125}