{"Execution Time":82.64931082725525,"Backtracking Step Size":1.1368683772161603e-13,"Inner Iterations":0,"_step":24,"perturbation":0.0001,"preconditioner":"yes","_timestamp":1.755517163197885e+09,"derivative_method":"backward","_wandb":{"runtime":82},"_runtime":82.786375041,"Norm Gradient":4.133158576215375}