{"Norm Gradient":2.4025348002167472e-05,"preconditioner":"no","_timestamp":1.756735267212425e+09,"_runtime":38.569520292,"Backtracking Step Size":1,"perturbation":1e-06,"derivative_method":"backward","_wandb":{"runtime":38},"_step":14,"Execution Time":38.37721133232117,"Inner Iterations":0}