{"Inner Iterations":1,"_wandb":{"runtime":20},"preconditioner":"yes","Backtracking Step Size":1,"perturbation":1e-12,"_timestamp":1.755549304875458e+09,"derivative_method":"backward","Execution Time":20.107025861740112,"_runtime":20.200464542,"_step":36,"Norm Gradient":948.8113587631627}