{"Adaptive Tolerance":78.79198148193485,"Inner Iterations":2,"perturbation":1e-06,"derivative_method":"adaptive_forward","_wandb":{"runtime":354},"_timestamp":1.7557677484867442e+09,"Execution Time":339.3521592617035,"rate_of_convergence":"superlinear","Norm Gradient":157.5839629638697,"Backtracking Step Size":1,"_step":3,"_runtime":354.518111208}