{"_wandb":{"runtime":80},"Norm Gradient":0.07595442887007126,"derivative_method":"forward","_step":70,"_runtime":80.454769833,"Adaptive Tolerance":0.005769075264978714,"Execution Time":80.25062775611877,"rate_of_convergence":"quadratic","perturbation":1e-12,"Inner Iterations":0,"_timestamp":1.756044195513563e+09,"Backtracking Step Size":1}