{"Norm Gradient":227.02871586258652,"Adaptive Tolerance":113.51435793129326,"_step":20,"derivative_method":"forward","Execution Time":307.7372133731842,"Inner Iterations":1,"_wandb":{"runtime":310},"_runtime":310.921031917,"perturbation":0.0001,"rate_of_convergence":"quadratic","Backtracking Step Size":1,"_timestamp":1.755977960005763e+09}