{"_timestamp":1.7554517886890292e+09,"perturbation":"exact","_step":22,"Inner Iterations":0,"derivative_method":"exact","_wandb":{"runtime":10},"Execution Time":10.464274883270264,"Norm Gradient":0.00022830236431307596,"Backtracking Step Size":1,"preconditioner":"yes","_runtime":10.550973208}