{"perturbation":0.0001,"Backtracking Step Size":8.881784197001252e-16,"derivative_method":"backward","preconditioner":"no","_runtime":20.410055667,"Norm Gradient":2.0277768565151543e-05,"_timestamp":1.755546779400498e+09,"Inner Iterations":0,"Execution Time":20.319387674331665,"_step":55,"_wandb":{"runtime":20}}