{"_runtime":57.342288667,"Norm Gradient":0.0013066118480846562,"Inner Iterations":0,"Backtracking Step Size":1,"_wandb":{"runtime":57},"_step":24,"Execution Time":57.15260696411133,"perturbation":1e-06,"_timestamp":1.756740716750784e+09,"derivative_method":"central","preconditioner":"no"}