{"_runtime":20.602415583,"Inner Iterations":1,"Execution Time":20.51894474029541,"Backtracking Step Size":1,"derivative_method":"central","_wandb":{"runtime":20},"Norm Gradient":938.0109663256304,"_step":35,"_timestamp":1.7555501772730198e+09,"perturbation":1e-12,"preconditioner":"no"}