{"Adaptive Tolerance":15.087969160740654,"Norm Gradient":30.175938321481308,"perturbation":1e-10,"_step":16,"Backtracking Step Size":8.881784197001252e-16,"_wandb":{"runtime":20},"_runtime":20.144679083,"derivative_method":"backward","Inner Iterations":100,"rate_of_convergence":"superlinear","Execution Time":20.06882882118225,"_timestamp":1.756037121281582e+09}