{"Inner Iterations":0,"_runtime":20.441824709,"_timestamp":1.755549098119186e+09,"_step":39,"_wandb":{"runtime":20},"perturbation":0.0001,"Execution Time":20.35180687904358,"Norm Gradient":0.0019582482559002213,"preconditioner":"yes","derivative_method":"forward","Backtracking Step Size":4.547473508864641e-13}