{"_runtime":11.616836083,"rate_of_convergence":"superlinear","derivative_method":"forward","Execution Time":11.488873958587646,"Adaptive Tolerance":8.882641911057941e-08,"Inner Iterations":38,"_step":11,"Backtracking Step Size":1,"perturbation":0.0001,"_wandb":{"runtime":11},"_timestamp":1.7556326360065548e+09,"Norm Gradient":1.9908021590398536e-05}