{"_wandb":{"runtime":20},"_timestamp":1.755614797375659e+09,"derivative_method":"backward","_step":62,"Execution Time":20.275555849075317,"preconditioner":"no","Inner Iterations":0,"Norm Gradient":0.009630731423714395,"Backtracking Step Size":1.8189894035458565e-12,"perturbation":1e-06,"_runtime":20.360425625}