{"Backtracking Step Size":2.842170943040401e-14,"_runtime":80.189894125,"_timestamp":1.755575464213034e+09,"Norm Gradient":0.7300175230020175,"perturbation":"exact","derivative_method":"adaptive_forward","_wandb":{"runtime":80},"_step":22,"Inner Iterations":0,"preconditioner":"no","Execution Time":79.9617567062378}