{"perturbation":"exact","_wandb":{"runtime":0},"Inner Iterations":5,"_runtime":0.194035708,"Adaptive Tolerance":6.565654325025878e-08,"_timestamp":1.756050554941907e+09,"Execution Time":0.15765380859375,"Norm Gradient":1.6274913008641472e-05,"Backtracking Step Size":1,"_step":11,"rate_of_convergence":"superlinear","derivative_method":"exact"}