{"Inner Iterations":0,"Backtracking Step Size":1,"_runtime":378.788132375,"rate_of_convergence":"superlinear","derivative_method":"backward","Norm Gradient":540.6195608425907,"perturbation":1e-10,"Adaptive Tolerance":270.30978042129533,"_step":3,"_timestamp":1.755879805196975e+09,"Execution Time":362.86338114738464,"_wandb":{"runtime":378}}