{"Inner Iterations":0,"Norm Gradient":68.07158223681262,"_runtime":20.145500542,"perturbation":1e-10,"_wandb":{"runtime":20},"derivative_method":"backward","Execution Time":20.060786724090576,"_step":64,"_timestamp":1.7554520700327969e+09,"Backtracking Step Size":1,"preconditioner":"no"}