{"Norm Gradient":7745.419097948009,"perturbation":1e-08,"Execution Time":88.45008540153503,"_wandb":{"runtime":88},"preconditioner":"no","_timestamp":1.7567398688416362e+09,"_step":11,"_runtime":88.606905583,"derivative_method":"forward","Inner Iterations":15,"Backtracking Step Size":1}