{"Inner Iterations":0,"preconditioner":"no","_step":11,"perturbation":0.0001,"derivative_method":"central","_timestamp":1.7555500731773481e+09,"Backtracking Step Size":1,"_runtime":6.766885792,"_wandb":{"runtime":6},"Norm Gradient":1.2217265640642128e-05,"Execution Time":6.69256591796875}