{"Inner Iterations":0,"_runtime":20.412932333,"perturbation":0.01,"derivative_method":"forward","preconditioner":"no","_timestamp":1.7555497936867368e+09,"Execution Time":20.326852321624756,"_wandb":{"runtime":20},"_step":47,"Norm Gradient":0.23349425811465516,"Backtracking Step Size":7.105427357601002e-15}