{"Inner Iterations":0,"Execution Time":350.69827127456665,"perturbation":0.01,"rate_of_convergence":"superlinear","Adaptive Tolerance":371.9828917217432,"derivative_method":"adaptive_central","Backtracking Step Size":1,"_step":2,"_timestamp":1.7558738868596292e+09,"Norm Gradient":743.9657834434864,"_wandb":{"runtime":367},"_runtime":367.656137666}