{"Norm Gradient":0.006197148620331238,"preconditioner":"no","_runtime":81.649463667,"Backtracking Step Size":4.547473508864641e-13,"_timestamp":1.7567243174453812e+09,"perturbation":0.0001,"derivative_method":"adaptive_forward","_wandb":{"runtime":81},"Execution Time":81.38278865814209,"_step":27,"Inner Iterations":0}