{"Execution Time":20.135298013687134,"Adaptive Tolerance":0.0039611873825083944,"perturbation":0.01,"Norm Gradient":0.02503515346849397,"Backtracking Step Size":1,"_step":53,"rate_of_convergence":"superlinear","derivative_method":"adaptive_central","_wandb":{"runtime":20},"_timestamp":1.7560367934804108e+09,"Inner Iterations":0,"_runtime":20.219837958}