{"_wandb":{"runtime":342},"derivative_method":"forward","Execution Time":337.2646062374115,"Backtracking Step Size":1,"Norm Gradient":0.6885693941728411,"_step":12,"Inner Iterations":4,"perturbation":1e-08,"_runtime":342.769501292,"rate_of_convergence":"superlinear","_timestamp":1.7556854189886222e+09,"Adaptive Tolerance":0.34428469708642057}