{"Adaptive Tolerance":4570.2367030392015,"_step":3,"derivative_method":"adaptive_forward","Execution Time":347.7459602355957,"perturbation":1e-12,"rate_of_convergence":"superlinear","Backtracking Step Size":0.00390625,"Norm Gradient":9140.473406078403,"Inner Iterations":1,"_runtime":362.817905416,"_timestamp":1.7557688074209878e+09,"_wandb":{"runtime":362}}