{"_runtime":396.379949125,"Backtracking Step Size":1,"Execution Time":380.05564403533936,"rate_of_convergence":"superlinear","_step":2,"derivative_method":"adaptive_central","Inner Iterations":1,"perturbation":0.0001,"_timestamp":1.7557717407523751e+09,"_wandb":{"runtime":396},"Adaptive Tolerance":334.2515726854675,"Norm Gradient":668.503145370935}