{"derivative_method":"forward","Backtracking Step Size":0.00390625,"Adaptive Tolerance":106.12676957545673,"Norm Gradient":212.25353915091347,"rate_of_convergence":"quadratic","_step":4,"perturbation":1e-12,"_wandb":{"runtime":1},"Execution Time":1.6239287853240967,"_timestamp":1.7560292076390872e+09,"Inner Iterations":1,"_runtime":1.746752458}