{"perturbation":0.0001,"_wandb":{"runtime":50},"_runtime":50.248485333,"Inner Iterations":0,"Backtracking Step Size":1,"_timestamp":1.7567252402825012e+09,"preconditioner":"no","Norm Gradient":3.874749217216343e-05,"Execution Time":49.96262860298157,"derivative_method":"adaptive_central","_step":11}