{"rate_of_convergence":"superlinear","Inner Iterations":1,"_step":4,"derivative_method":"forward","_timestamp":1.7560266604918232e+09,"Norm Gradient":212.25353915091347,"Execution Time":1.5586845874786377,"Adaptive Tolerance":106.12676957545673,"Backtracking Step Size":0.00390625,"perturbation":1e-12,"_wandb":{"runtime":1},"_runtime":1.68947525}