{"Backtracking Step Size":1,"_wandb":{"runtime":25},"rate_of_convergence":"quadratic","_timestamp":1.7555350686627314e+09,"Adaptive Tolerance":11.787097041233213,"perturbation":0.01,"_step":13,"Norm Gradient":138.72951924674058,"derivative_method":"central","Inner Iterations":124,"_runtime":25.0810783,"Execution Time":24.830791473388672}