{"Adaptive Tolerance":79.00968274069653,"_wandb":{"runtime":378},"_runtime":378.395520083,"Norm Gradient":158.01936548139307,"derivative_method":"adaptive_backward","Inner Iterations":2,"_step":3,"_timestamp":1.755872008713026e+09,"Execution Time":362.94364857673645,"rate_of_convergence":"superlinear","Backtracking Step Size":1,"perturbation":0.0001}