{"_runtime":355.70090225,"_wandb":{"runtime":355},"Execution Time":340.7802622318268,"Inner Iterations":2,"Backtracking Step Size":1,"_step":3,"rate_of_convergence":"quadratic","Adaptive Tolerance":77.37925328938259,"derivative_method":"adaptive_backward","perturbation":1e-06,"_timestamp":1.755783191207276e+09,"Norm Gradient":154.75850657876518}