{"_wandb":{"runtime":82},"_runtime":82.04362025,"Execution Time":81.83418130874634,"_step":22,"derivative_method":"forward","perturbation":0.01,"Inner Iterations":0,"_timestamp":1.7555769129033449e+09,"preconditioner":"no","Backtracking Step Size":2.842170943040401e-14,"Norm Gradient":0.7300175230020175}