{"_runtime":40.421796208,"Backtracking Step Size":1,"_timestamp":1.7567384411589792e+09,"_wandb":{"runtime":40},"perturbation":1e-06,"preconditioner":"no","derivative_method":"adaptive_forward","Execution Time":40.24896216392517,"Norm Gradient":0.0015375440367758953,"Inner Iterations":0,"_step":22}