{"Inner Iterations":26,"_runtime":20.240062334,"_step":52,"Backtracking Step Size":1,"derivative_method":"backward","_timestamp":1.755546852182732e+09,"Execution Time":20.14950394630432,"Norm Gradient":7.200999202916026,"perturbation":1e-12,"preconditioner":"no","_wandb":{"runtime":20}}