{"_runtime":10.927719459,"Inner Iterations":0,"_timestamp":1.755613385265558e+09,"derivative_method":"central","_step":22,"_wandb":{"runtime":10},"Execution Time":10.837403774261475,"Backtracking Step Size":1,"preconditioner":"yes","Norm Gradient":0.00024617738634395513,"perturbation":1e-06}