{"Adaptive Tolerance":1.6904387028232795e-06,"_timestamp":1.756043888259449e+09,"_runtime":12.956863416000001,"derivative_method":"forward","Execution Time":12.754429340362549,"_wandb":{"runtime":12},"rate_of_convergence":"quadratic","Backtracking Step Size":1,"_step":9,"Inner Iterations":9,"Norm Gradient":0.0013001687209063598,"perturbation":0.01}