{"Execution Time":20.235427141189575,"perturbation":1e-12,"Adaptive Tolerance":0.01880612350572618,"_wandb":{"runtime":20},"Norm Gradient":0.1371354203177508,"_timestamp":1.7556277291845171e+09,"_runtime":20.319550333,"rate_of_convergence":"quadratic","derivative_method":"central","Backtracking Step Size":1,"Inner Iterations":2,"_step":74}