{"derivative_method":"forward","_timestamp":1.756734827432717e+09,"Inner Iterations":0,"_runtime":20.16696825,"Execution Time":19.998385190963745,"preconditioner":"no","_wandb":{"runtime":20},"perturbation":0.0001,"Backtracking Step Size":1,"_step":9,"Norm Gradient":3.786364752304283e-05}