{"Norm Gradient":0.770772629331339,"_timestamp":1.7553590503474412e+09,"_wandb":{"runtime":11},"_runtime":11,"_step":374,"Iteration":374}