{"Backtracking Step Size":1,"_step":8,"perturbation":0.01,"derivative_method":"forward","_wandb":{"runtime":18},"Norm Gradient":1.6240156945825802e-05,"Inner Iterations":0,"_timestamp":1.756734805400701e+09,"Execution Time":18.013989210128784,"preconditioner":"no","_runtime":18.193278875}