{"Inner Iterations":23,"preconditioner":"no","_step":10,"Backtracking Step Size":1,"_wandb":{"runtime":87},"derivative_method":"central","_runtime":87.542088625,"perturbation":1e-10,"Execution Time":87.37711215019226,"_timestamp":1.756740887606678e+09,"Norm Gradient":7374.116536479006}