{"preconditioner":"no","Norm Gradient":2.908021475843885,"_runtime":82.435995208,"_timestamp":1.756735120170176e+09,"_step":15,"perturbation":1e-12,"Execution Time":82.26676058769226,"Backtracking Step Size":1,"Inner Iterations":26,"derivative_method":"forward","_wandb":{"runtime":82}}