{"Execution Time":32.087388038635254,"_runtime":32.231088208,"perturbation":0.0001,"_step":10,"_wandb":{"runtime":32},"_timestamp":1.7555573612113101e+09,"preconditioner":"no","Backtracking Step Size":1,"Inner Iterations":0,"Norm Gradient":1.4316061400794054e-05,"derivative_method":"backward"}