{"Execution Time":317.6760461330414,"Inner Iterations":1,"_runtime":323.250934167,"perturbation":1e-06,"rate_of_convergence":"superlinear","_step":11,"_wandb":{"runtime":323},"Adaptive Tolerance":0.030272838606537653,"derivative_method":"forward","_timestamp":1.75568507399436e+09,"Norm Gradient":0.0971334386725687,"Backtracking Step Size":1}