{"_runtime":20.272351417,"_step":48,"Backtracking Step Size":1,"Inner Iterations":0,"Norm Gradient":193.56157720142724,"preconditioner":"yes","_wandb":{"runtime":20},"_timestamp":1.7563190420407329e+09,"Execution Time":20.152798891067505,"derivative_method":"backward","perturbation":1e-08}