{"Execution Time":314.8083453178406,"_wandb":{"runtime":320},"Backtracking Step Size":1,"perturbation":1e-12,"Norm Gradient":0.37865688409343196,"_runtime":320.348948458,"Inner Iterations":1,"_step":13,"_timestamp":1.75569049768736e+09,"rate_of_convergence":"superlinear","Adaptive Tolerance":0.18932844204671598,"derivative_method":"adaptive_backward"}