{"Execution Time":20.004631519317627,"Inner Iterations":0,"_wandb":{"runtime":20},"_timestamp":1.7555467350449212e+09,"Norm Gradient":7.267528914948302,"Backtracking Step Size":1,"_runtime":20.091572792,"preconditioner":"no","perturbation":1e-12,"derivative_method":"forward","_step":51}