{"derivative_method":"adaptive_central","Inner Iterations":13,"_wandb":{"runtime":6},"Adaptive Tolerance":5.655566996172722e-10,"_step":13,"Backtracking Step Size":1,"rate_of_convergence":"quadratic","_runtime":6.957560125,"_timestamp":1.7556246403915038e+09,"perturbation":0.01,"Execution Time":6.875339984893799,"Norm Gradient":2.3781436029333304e-05}