{"Execution Time":350.80718970298767,"Norm Gradient":39.03765158262586,"derivative_method":"forward","_wandb":{"runtime":365},"_runtime":365.228886792,"rate_of_convergence":"quadratic","Backtracking Step Size":1,"_step":3,"_timestamp":1.755889552830577e+09,"Adaptive Tolerance":19.51882579131293,"Inner Iterations":0,"perturbation":0.01}