{"Inner Iterations":1,"_step":13,"Backtracking Step Size":1,"Adaptive Tolerance":0.14338103587134676,"_wandb":{"runtime":320},"Norm Gradient":0.37865688409343196,"Execution Time":314.51603841781616,"_timestamp":1.755702071400862e+09,"_runtime":320.221008875,"rate_of_convergence":"quadratic","perturbation":1e-12,"derivative_method":"adaptive_backward"}