{"derivative_method":"central","perturbation":1e-12,"Execution Time":20.052852869033813,"Inner Iterations":0,"_runtime":20.174282917,"preconditioner":"no","Backtracking Step Size":1,"_timestamp":1.75674454535657e+09,"_wandb":{"runtime":20},"Norm Gradient":1217.4753547955472,"_step":95}