{"_step":10,"Execution Time":302.32750511169434,"_timestamp":1.7557052842350762e+09,"_runtime":308.033916083,"_wandb":{"runtime":308},"Norm Gradient":0.09730611176978947,"Inner Iterations":1,"derivative_method":"forward","Backtracking Step Size":1,"perturbation":1e-06,"rate_of_convergence":"quadratic","Adaptive Tolerance":0.00946847938775476}