{"_step":10,"_timestamp":1.756748129795004e+09,"Norm Gradient":4.5495785963771785e-05,"preconditioner":"no","Inner Iterations":0,"Backtracking Step Size":1,"derivative_method":"central","Execution Time":4.584094285964966,"_wandb":{"runtime":4},"_runtime":4.723283083,"perturbation":1e-06}