{"Adaptive Tolerance":9.433403786310355e-07,"Norm Gradient":9.618609266251819e-05,"Inner Iterations":4,"_runtime":24.614335333,"rate_of_convergence":"superlinear","_wandb":{"runtime":24},"perturbation":0.0001,"Backtracking Step Size":1,"_step":12,"Execution Time":24.4041690826416,"derivative_method":"central","_timestamp":1.7560423496430469e+09}