{"Inner Iterations":2,"_wandb":{"runtime":20},"rate_of_convergence":"quadratic","Execution Time":20.316330194473267,"perturbation":1e-06,"_timestamp":1.7555348418283458e+09,"Norm Gradient":34.249468853571734,"Backtracking Step Size":1,"_runtime":20.572108,"Adaptive Tolerance":1.2769293445715815,"derivative_method":"backward","_step":53}