{"_step":48,"_runtime":20.232524959,"_timestamp":1.7555499314664042e+09,"perturbation":0.0001,"derivative_method":"backward","Inner Iterations":0,"Backtracking Step Size":1.1368683772161603e-13,"Norm Gradient":0.00399293026534143,"_wandb":{"runtime":20},"preconditioner":"no","Execution Time":20.15038752555847}