{"_timestamp":1.7555499984411268e+09,"_step":48,"derivative_method":"backward","_wandb":{"runtime":20},"Norm Gradient":826.1868981503083,"Execution Time":20.352010488510132,"Inner Iterations":0,"perturbation":1e-08,"_runtime":20.439229208,"Backtracking Step Size":1,"preconditioner":"no"}