{"_runtime":81.951364084,"Norm Gradient":3.649680209377648e-05,"_wandb":{"runtime":81},"_step":23,"perturbation":1e-06,"Inner Iterations":0,"_timestamp":1.755577536180715e+09,"Backtracking Step Size":5.684341886080802e-14,"preconditioner":"no","Execution Time":81.73974967002869,"derivative_method":"backward"}