{"derivative_method":"forward","Inner Iterations":0,"preconditioner":"no","_wandb":{"runtime":80},"Norm Gradient":0.006197148620331238,"_timestamp":1.756725723615799e+09,"Backtracking Step Size":4.547473508864641e-13,"_runtime":80.452940791,"Execution Time":80.19539141654968,"_step":27,"perturbation":0.0001}