{"Adaptive Tolerance":3.946642153510449,"Backtracking Step Size":1.7763568394002505e-15,"_step":61,"perturbation":0.01,"_timestamp":1.75604303287088e+09,"_wandb":{"runtime":80},"Inner Iterations":3,"Norm Gradient":7.893284307020898,"derivative_method":"adaptive_backward","Execution Time":80.1788649559021,"_runtime":80.406295917,"rate_of_convergence":"quadratic"}