{"Backtracking Step Size":0.0078125,"_wandb":{"runtime":400},"Norm Gradient":525.7693020585705,"_timestamp":1.755895024908119e+09,"Execution Time":384.18869709968567,"Adaptive Tolerance":262.88465102928524,"_step":2,"_runtime":400.651906042,"perturbation":1e-08,"Inner Iterations":1,"rate_of_convergence":"quadratic","derivative_method":"central"}