{"Adaptive Tolerance":13017.971263720847,"perturbation":1e-08,"Execution Time":307.58376908302307,"Backtracking Step Size":8.881784197001252e-16,"_step":0,"derivative_method":"forward","Inner Iterations":91,"_wandb":{"runtime":310},"Norm Gradient":26035.942527441694,"rate_of_convergence":"quadratic","_runtime":310.821852917,"_timestamp":1.7559785841492622e+09}