{"Inner Iterations":0,"perturbation":0.01,"derivative_method":"backward","preconditioner":"no","Execution Time":81.10494208335876,"Backtracking Step Size":8.881784197001252e-16,"_step":40,"Norm Gradient":0.0006791847132830321,"_runtime":81.269929292,"_wandb":{"runtime":81},"_timestamp":1.7567352031134489e+09}