{"_step":21,"perturbation":1e-08,"Execution Time":80.14385557174683,"Backtracking Step Size":1,"_wandb":{"runtime":80},"Norm Gradient":2925.992233134222,"derivative_method":"forward","_timestamp":1.756725840215932e+09,"Inner Iterations":0,"preconditioner":"no","_runtime":80.400430542}