{"_runtime":83.366469708,"_timestamp":1.755554735122318e+09,"Backtracking Step Size":1,"preconditioner":"yes","_step":13,"derivative_method":"forward","_wandb":{"runtime":83},"Inner Iterations":0,"Norm Gradient":2.2897453262682057,"perturbation":1e-10,"Execution Time":83.22007369995117}