{"_timestamp":1.755452047620238e+09,"_runtime":20.191679875,"_wandb":{"runtime":20},"Inner Iterations":0,"preconditioner":"no","perturbation":1e-08,"Execution Time":20.105649948120117,"Backtracking Step Size":1,"_step":61,"Norm Gradient":53.41559935313393,"derivative_method":"backward"}