{"Adaptive Tolerance":63.43992234620999,"_runtime":20.181597625,"Inner Iterations":22,"rate_of_convergence":"superlinear","Norm Gradient":126.87984469241998,"perturbation":1e-08,"_timestamp":1.7560370993744252e+09,"Execution Time":20.108340978622437,"_wandb":{"runtime":20},"Backtracking Step Size":1,"_step":10,"derivative_method":"backward"}