{"perturbation":1e-12,"Norm Gradient":0.7009915726800634,"Execution Time":300.07954239845276,"Adaptive Tolerance":0.3504957863400317,"_runtime":308.191133042,"Inner Iterations":1,"_timestamp":1.755704028121871e+09,"Backtracking Step Size":1,"rate_of_convergence":"quadratic","derivative_method":"adaptive_central","_step":3,"_wandb":{"runtime":308}}