{"_step":22,"Inner Iterations":0,"perturbation":1e-06,"Backtracking Step Size":1,"preconditioner":"yes","derivative_method":"adaptive_central","_wandb":{"runtime":10},"_runtime":10.712867708,"Norm Gradient":0.00022830236431307596,"Execution Time":10.61329984664917,"_timestamp":1.756318785378722e+09}