{"Backtracking Step Size":1,"Execution Time":49.607465744018555,"perturbation":1e-06,"preconditioner":"no","_runtime":49.860020792,"Norm Gradient":2.1866392866730786e-05,"_wandb":{"runtime":49},"derivative_method":"adaptive_central","_timestamp":1.756725291867062e+09,"Inner Iterations":0,"_step":11}