{"_wandb":{"runtime":20},"preconditioner":"yes","Execution Time":20.504754781723022,"Backtracking Step Size":1,"Inner Iterations":1,"_runtime":20.587814583,"derivative_method":"forward","Norm Gradient":923.8604024725363,"_timestamp":1.7555491725502741e+09,"perturbation":1e-12,"_step":39}