{"_runtime":307.653911791,"Execution Time":303.1664001941681,"perturbation":0.01,"rate_of_convergence":"superlinear","_step":9,"Adaptive Tolerance":146.97650564951192,"Backtracking Step Size":1,"_wandb":{"runtime":307},"Norm Gradient":293.95301129902384,"derivative_method":"adaptive_central","Inner Iterations":2,"_timestamp":1.7559557854313989e+09}