{"_step":20,"derivative_method":"central","Norm Gradient":0.0013199224493110609,"_runtime":8.571062834,"preconditioner":"no","Backtracking Step Size":1,"Inner Iterations":0,"_timestamp":1.755614893480396e+09,"perturbation":0.0001,"Execution Time":8.479934215545654,"_wandb":{"runtime":8}}