{"Backtracking Step Size":8.881784197001252e-16,"_wandb":{"runtime":81},"perturbation":"exact","Execution Time":81.76864719390869,"_step":31,"preconditioner":"no","Inner Iterations":0,"_runtime":81.919354375,"Norm Gradient":554.2672488932503,"_timestamp":1.7555217160631738e+09,"derivative_method":"exact"}