{"Norm Gradient":251.88475196264972,"derivative_method":"backward","Inner Iterations":1,"Adaptive Tolerance":125.94237598132486,"rate_of_convergence":"superlinear","_step":3,"_wandb":{"runtime":337},"_runtime":337.203103917,"_timestamp":1.755776885052007e+09,"perturbation":1e-08,"Backtracking Step Size":0.0078125,"Execution Time":322.2803521156311}