{"Adaptive Tolerance":1.6889810194203771,"_runtime":79.951973084,"Inner Iterations":68,"rate_of_convergence":"quadratic","_timestamp":1.756029615959384e+09,"derivative_method":"backward","_wandb":{"runtime":79},"Norm Gradient":3.3779620388407543,"perturbation":1e-10,"Execution Time":79.82145309448242,"_step":65,"Backtracking Step Size":0.00390625}