{"Inner Iterations":1,"Adaptive Tolerance":0.012615313145814124,"perturbation":0.01,"_timestamp":1.756041136171127e+09,"_step":45,"rate_of_convergence":"superlinear","Backtracking Step Size":4.547473508864641e-13,"derivative_method":"adaptive_central","_wandb":{"runtime":80},"_runtime":80.654355208,"Norm Gradient":0.054191606222622916,"Execution Time":80.43090081214905}