{"Backtracking Step Size":1,"rate_of_convergence":"superlinear","derivative_method":"forward","_step":8,"Adaptive Tolerance":8.416328834173514e-06,"_runtime":1.839876458,"Execution Time":1.7695868015289307,"perturbation":0.01,"Norm Gradient":0.0004137599623038584,"_timestamp":1.756050558585807e+09,"_wandb":{"runtime":1},"Inner Iterations":6}