{"_step":11,"derivative_method":"central","_runtime":49.802600042,"Backtracking Step Size":1,"preconditioner":"yes","perturbation":1e-06,"_wandb":{"runtime":49},"Norm Gradient":2.1933383744519453e-05,"Inner Iterations":0,"Execution Time":49.54762578010559,"_timestamp":1.756723892702473e+09}