{"_timestamp":1.755452025247324e+09,"Execution Time":20.10071325302124,"preconditioner":"no","derivative_method":"backward","_step":68,"_wandb":{"runtime":20},"Norm Gradient":0.009630731422385923,"Backtracking Step Size":1.8189894035458565e-12,"Inner Iterations":0,"_runtime":20.18759525,"perturbation":1e-06}