{"_timestamp":1.756318931899909e+09,"Backtracking Step Size":1,"_step":46,"derivative_method":"forward","Inner Iterations":0,"_wandb":{"runtime":20},"_runtime":20.490175833,"preconditioner":"yes","perturbation":1e-10,"Norm Gradient":59.71122096378944,"Execution Time":20.400638580322266}