{"_runtime":20.554195,"Backtracking Step Size":1,"_timestamp":1.755534016248457e+09,"Norm Gradient":24.337365029087252,"rate_of_convergence":"superlinear","_wandb":{"runtime":20},"Adaptive Tolerance":18.217813747639106,"derivative_method":"exact","Execution Time":20.278332233428955,"perturbation":"exact","_step":29,"Inner Iterations":2}