{"Norm Gradient":0.1271449693118216,"derivative_method":"adaptive_forward","Execution Time":20.009751319885254,"Backtracking Step Size":1,"perturbation":1e-12,"_wandb":{"runtime":20},"_timestamp":1.755623736199331e+09,"Inner Iterations":2,"_runtime":20.097787875,"rate_of_convergence":"superlinear","Adaptive Tolerance":0.045336581700349037,"_step":109}