{"Norm Gradient":0.06548904090598125,"_runtime":80.209523125,"perturbation":0.01,"Execution Time":79.99965310096741,"Inner Iterations":0,"_wandb":{"runtime":80},"derivative_method":"central","_step":14,"_timestamp":1.7555749918448918e+09,"preconditioner":"yes","Backtracking Step Size":1.7763568394002505e-15}