{"_wandb":{"runtime":34},"perturbation":0.0001,"Norm Gradient":3.7888944395400634e-05,"Execution Time":34.44374942779541,"derivative_method":"adaptive_forward","_timestamp":1.756733504178439e+09,"_runtime":34.618539375,"preconditioner":"yes","Inner Iterations":0,"Backtracking Step Size":1,"_step":9}