{"derivative_method":"adaptive_forward","Norm Gradient":3.788893936186289e-05,"_runtime":20.767299958,"preconditioner":"no","Execution Time":20.594443321228027,"Inner Iterations":0,"perturbation":0.0001,"_step":9,"_wandb":{"runtime":20},"_timestamp":1.756733716355218e+09,"Backtracking Step Size":1}