{"Inner Iterations":1,"Adaptive Tolerance":0.33851296138649706,"derivative_method":"adaptive_backward","_wandb":{"runtime":318},"Backtracking Step Size":1,"_step":12,"_runtime":318.797974375,"Execution Time":313.14482593536377,"rate_of_convergence":"superlinear","_timestamp":1.7556898524977589e+09,"Norm Gradient":0.6770259227729941,"perturbation":1e-08}