{"Norm Gradient":1.017839002831382e-13,"Adaptive Tolerance":6.999088234818526e-10,"_step":63,"rate_of_convergence":"quadratic","_runtime":1.4302563,"perturbation":"exact","Execution Time":1.2100913524627686,"_timestamp":1.7555344044761834e+09,"Inner Iterations":2,"derivative_method":"exact","_wandb":{"runtime":1},"Backtracking Step Size":1}