{"_runtime":12.771970584,"perturbation":1e-06,"derivative_method":"forward","Adaptive Tolerance":1.2210020715429673e-08,"_wandb":{"runtime":12},"Execution Time":12.699506282806396,"_step":63,"Norm Gradient":0.0001104989625083859,"Backtracking Step Size":1,"rate_of_convergence":"quadratic","_timestamp":1.756037709569422e+09,"Inner Iterations":58}