{"_timestamp":1.75554692575547e+09,"Inner Iterations":0,"preconditioner":"no","Backtracking Step Size":1,"perturbation":1e-10,"derivative_method":"central","_step":39,"_wandb":{"runtime":20},"Execution Time":20.104137897491455,"Norm Gradient":7.253528323853428,"_runtime":20.195325583}