{"derivative_method":"backward","Inner Iterations":88,"Norm Gradient":79.99740927266119,"_runtime":20.1621465,"Backtracking Step Size":0.0078125,"rate_of_convergence":"quadratic","_wandb":{"runtime":20},"_timestamp":1.756051376712179e+09,"Adaptive Tolerance":39.998704636330594,"perturbation":1e-10,"Execution Time":20.081858158111572,"_step":20}