{"preconditioner":"no","Inner Iterations":0,"derivative_method":"central","Execution Time":26.18906569480896,"_wandb":{"runtime":26},"perturbation":0.0001,"_step":10,"_timestamp":1.756735589931795e+09,"_runtime":26.354456375,"Backtracking Step Size":1,"Norm Gradient":1.1802656514272685e-05}