{"_timestamp":1.75577796771028e+09,"Norm Gradient":743.8314972842369,"Inner Iterations":1,"rate_of_convergence":"superlinear","_wandb":{"runtime":394},"_runtime":394.21447175,"perturbation":0.01,"derivative_method":"central","Execution Time":377.756710767746,"_step":2,"Backtracking Step Size":1,"Adaptive Tolerance":371.91574864211844}