{"derivative_method":"forward","rate_of_convergence":"superlinear","Norm Gradient":0.0011112002886182904,"_step":53,"perturbation":0.01,"Inner Iterations":6,"_runtime":20.39333,"Execution Time":20.319743871688843,"Adaptive Tolerance":3.704149600186187e-05,"_wandb":{"runtime":20},"Backtracking Step Size":8.881784197001252e-16,"_timestamp":1.7556240104455638e+09}