{"Inner Iterations":0,"perturbation":0.0001,"derivative_method":"adaptive_forward","_runtime":81.694775375,"_timestamp":1.756721514860672e+09,"_wandb":{"runtime":81},"Backtracking Step Size":4.547473508864641e-13,"Norm Gradient":0.006197148620331238,"Execution Time":81.41219115257263,"preconditioner":"yes","_step":27}