{"Norm Gradient":556.2234120364786,"rate_of_convergence":"quadratic","Adaptive Tolerance":244.49908474210253,"_wandb":{"runtime":86},"Backtracking Step Size":1,"_step":3,"Execution Time":85.87392544746399,"derivative_method":"exact","_timestamp":1.755536286406991e+09,"perturbation":"exact","_runtime":86.1058907,"Inner Iterations":1000}