{"_runtime":20.3050895,"Backtracking Step Size":1,"Execution Time":20.21186399459839,"perturbation":1e-10,"_wandb":{"runtime":20},"_step":110,"rate_of_convergence":"superlinear","Inner Iterations":3,"_timestamp":1.755623713899637e+09,"derivative_method":"adaptive_forward","Adaptive Tolerance":0.04514740299488697,"Norm Gradient":0.1267910258533235}