{"_wandb":{"runtime":80},"_step":18,"preconditioner":"no","Norm Gradient":2742.384580939173,"derivative_method":"central","Backtracking Step Size":1,"perturbation":1e-12,"_runtime":80.323759583,"Execution Time":80.13751530647278,"_timestamp":1.756740969606943e+09,"Inner Iterations":0}