{"_runtime":97.721691708,"preconditioner":"no","Backtracking Step Size":1,"Norm Gradient":972.8500018569695,"perturbation":1e-10,"derivative_method":"backward","_timestamp":1.7567404719687638e+09,"Execution Time":97.55952548980713,"Inner Iterations":22,"_wandb":{"runtime":97},"_step":8}