{"Inner Iterations":0,"Norm Gradient":1.8027819137882275e-05,"Execution Time":9.823722839355469,"_step":24,"Backtracking Step Size":1,"_wandb":{"runtime":9},"preconditioner":"yes","_runtime":9.903579958,"perturbation":0.01,"derivative_method":"forward","_timestamp":1.755613117758253e+09}