{"_timestamp":1.756037915554928e+09,"rate_of_convergence":"quadratic","_step":52,"_runtime":20.080500042,"Execution Time":20.00692868232727,"perturbation":0.01,"_wandb":{"runtime":20},"Backtracking Step Size":1,"derivative_method":"central","Inner Iterations":1,"Adaptive Tolerance":0.0009561911301920766,"Norm Gradient":0.030922340309104623}