{"Backtracking Step Size":1,"_timestamp":1.756734116268406e+09,"Norm Gradient":1.4309448505351488e-05,"Inner Iterations":0,"preconditioner":"no","derivative_method":"adaptive_backward","perturbation":0.0001,"_wandb":{"runtime":23},"_runtime":23.133475708,"Execution Time":22.933708667755127,"_step":10}