{"Execution Time":0.32968997955322266,"Backtracking Step Size":1,"rate_of_convergence":"quadratic","Adaptive Tolerance":6.999088234818526e-10,"_timestamp":1.756037651473027e+09,"_wandb":{"runtime":0},"perturbation":"exact","derivative_method":"exact","Inner Iterations":2,"_step":63,"Norm Gradient":2.6455789980302094e-05,"_runtime":0.369895917}