{"_runtime":20.292923084,"Execution Time":20.193670988082886,"derivative_method":"exact","_step":66,"_wandb":{"runtime":20},"perturbation":"exact","Inner Iterations":0,"Norm Gradient":1.957383660019219,"Backtracking Step Size":3.552713678800501e-15,"preconditioner":"no","_timestamp":1.7554523331765819e+09}