{"_step":13,"Inner Iterations":23,"Backtracking Step Size":1,"_wandb":{"runtime":118},"_runtime":118.802839542,"perturbation":1e-10,"Execution Time":118.64384961128235,"derivative_method":"central","preconditioner":"no","Norm Gradient":7374.251700563464,"_timestamp":1.7555210623573492e+09}