{"Adaptive Tolerance":3.525444892637769e-05,"Inner Iterations":2,"_step":4,"rate_of_convergence":"quadratic","_runtime":333.929878292,"_timestamp":1.7557082528112261e+09,"Backtracking Step Size":1,"derivative_method":"central","_wandb":{"runtime":333},"Norm Gradient":0.005937545698887521,"Execution Time":326.349200963974,"perturbation":0.01}