{"derivative_method":"forward","_wandb":{"runtime":96},"perturbation":1e-12,"Backtracking Step Size":1,"_timestamp":1.755557244401657e+09,"_step":15,"Execution Time":96.27613544464111,"Inner Iterations":26,"preconditioner":"no","_runtime":96.430341709,"Norm Gradient":2.908021475843876}