{"perturbation":1e-06,"Backtracking Step Size":0.5,"preconditioner":"no","_wandb":{"runtime":81},"Execution Time":81.32114315032959,"_runtime":81.512037209,"Inner Iterations":0,"derivative_method":"backward","_step":11,"Norm Gradient":185.42591935351416,"_timestamp":1.756713899640723e+09}