{"Execution Time":2.9088973999023438,"_runtime":2.9486141249999998,"_step":20,"_timestamp":1.7556131055328221e+09,"perturbation":"exact","preconditioner":"yes","Inner Iterations":0,"Norm Gradient":0.0013272937168935656,"derivative_method":"exact","Backtracking Step Size":1,"_wandb":{"runtime":2}}