{"_wandb":{"runtime":20},"_runtime":20.210140416,"Inner Iterations":41,"perturbation":1e-12,"rate_of_convergence":"quadratic","_timestamp":1.7560380226222222e+09,"Backtracking Step Size":0.00390625,"Adaptive Tolerance":24.260372277011502,"_step":60,"Execution Time":20.134398698806763,"derivative_method":"central","Norm Gradient":48.520744554023004}