{"Norm Gradient":0.019943752057165656,"_timestamp":1.7553593686711092e+09,"_step":49,"_wandb":{"runtime":1},"_runtime":1,"Iteration":49}