{"_step":23,"_timestamp":1.756319539885936e+09,"Execution Time":7.075963497161865,"preconditioner":"no","derivative_method":"forward","_wandb":{"runtime":7},"perturbation":1e-06,"Backtracking Step Size":1,"Norm Gradient":0.0004900138784370042,"_runtime":7.159105875,"Inner Iterations":0}