{"_runtime":3,"_step":19,"Iteration":19,"Norm Gradient":0.0043314730706190754,"_timestamp":1.7554250666394503e+09,"_wandb":{"runtime":3}}