{"preconditioner":"yes","_timestamp":1.755613431753015e+09,"Inner Iterations":0,"Backtracking Step Size":1,"_wandb":{"runtime":20},"perturbation":1e-10,"Execution Time":20.203654766082764,"_step":44,"Norm Gradient":2601.431433598468,"derivative_method":"central","_runtime":20.285924792}