{"Execution Time":8.591968536376953,"Norm Gradient":8.272431937912745e-05,"perturbation":1e-06,"preconditioner":"yes","_timestamp":1.7554508151955369e+09,"Backtracking Step Size":1,"derivative_method":"forward","_step":22,"_runtime":8.668880833,"Inner Iterations":0,"_wandb":{"runtime":8}}