{"Backtracking Step Size":1,"Norm Gradient":2941.348361183803,"Inner Iterations":0,"preconditioner":"no","_timestamp":1.755597278390429e+09,"_runtime":84.046715625,"perturbation":1e-10,"Execution Time":19141.693843841553,"_step":5,"_wandb":{"runtime":84},"derivative_method":"central"}