{"Inner Iterations":0,"derivative_method":"forward","Norm Gradient":0.7300180358482895,"perturbation":0.01,"_timestamp":1.756725641500842e+09,"Backtracking Step Size":2.842170943040401e-14,"Execution Time":80.39580202102661,"_step":27,"_wandb":{"runtime":80},"_runtime":80.669429417,"preconditioner":"no"}