{"_runtime":20.4469525,"Adaptive Tolerance":12.168682514543626,"Backtracking Step Size":1,"derivative_method":"exact","Inner Iterations":2,"perturbation":"exact","_step":30,"Norm Gradient":35.91036682518993,"_timestamp":1.7555363971362221e+09,"_wandb":{"runtime":20},"rate_of_convergence":"quadratic","Execution Time":20.20391273498535}