{"_step":23,"Inner Iterations":0,"_wandb":{"runtime":81},"Norm Gradient":0.0004520671160868741,"_timestamp":1.755521228781559e+09,"Execution Time":81.39305639266968,"_runtime":81.551570041,"derivative_method":"exact","perturbation":"exact","preconditioner":"no","Backtracking Step Size":1}