{"Execution Time":20.01303482055664,"Inner Iterations":0,"_wandb":{"runtime":20},"Norm Gradient":1691.746447297787,"_runtime":20.122778959,"perturbation":1e-12,"preconditioner":"no","_step":51,"derivative_method":"central","Backtracking Step Size":1,"_timestamp":1.756319834461577e+09}