{"Execution Time":28.56500220298767,"Norm Gradient":25.598022956153024,"perturbation":0.01,"Inner Iterations":390,"derivative_method":"forward","_step":7,"Adaptive Tolerance":14.348996295213267,"_runtime":29.953331,"rate_of_convergence":"superlinear","Backtracking Step Size":1,"_wandb":{"runtime":29},"_timestamp":1.7555320787375858e+09}