{"Execution Time":79.61622929573059,"_runtime":79.770688667,"_step":168,"rate_of_convergence":"superlinear","_timestamp":1.7560255901620212e+09,"Adaptive Tolerance":0.0005834650316683826,"Backtracking Step Size":4.547473508864641e-13,"derivative_method":"adaptive_backward","Inner Iterations":2,"_wandb":{"runtime":79},"perturbation":1e-06,"Norm Gradient":0.006982483026005683}