{"Inner Iterations":0,"derivative_method":"forward","_timestamp":1.755574087300767e+09,"Norm Gradient":0.006197222534307987,"preconditioner":"yes","_runtime":83.09547,"perturbation":0.0001,"Execution Time":82.87742066383362,"Backtracking Step Size":4.547473508864641e-13,"_step":18,"_wandb":{"runtime":83}}