{"Norm Gradient":1097.317839150495,"Execution Time":81.56597924232483,"perturbation":1e-08,"preconditioner":"no","_wandb":{"runtime":81},"Inner Iterations":0,"Backtracking Step Size":1,"_step":11,"derivative_method":"central","_runtime":81.758730875,"_timestamp":1.7567145076289222e+09}