{"Adaptive Tolerance":7.533416565008412e-05,"Norm Gradient":0.0017837253663342454,"perturbation":1e-06,"Execution Time":20.058039665222168,"_wandb":{"runtime":20},"rate_of_convergence":"superlinear","_timestamp":1.756036574241336e+09,"_step":130,"_runtime":20.153025542,"derivative_method":"adaptive_forward","Backtracking Step Size":2.3283064365386963e-10,"Inner Iterations":1}