{"_step":17,"_runtime":82.003183541,"_timestamp":1.7555552867578628e+09,"Execution Time":81.85359621047974,"preconditioner":"yes","Inner Iterations":0,"_wandb":{"runtime":82},"Backtracking Step Size":1,"Norm Gradient":2.3845035058358426,"perturbation":1e-12,"derivative_method":"backward"}