{"Execution Time":20.132409811019897,"_runtime":20.224387666,"Inner Iterations":0,"preconditioner":"yes","perturbation":0.01,"derivative_method":"backward","_timestamp":1.756318975865342e+09,"_step":50,"_wandb":{"runtime":20},"Backtracking Step Size":2.384185791015625e-07,"Norm Gradient":194.84430488832314}