{"Norm Gradient":551.1856620732464,"Inner Iterations":0,"_step":20,"_runtime":82.673001375,"preconditioner":"yes","_timestamp":1.755518611035519e+09,"Execution Time":82.50884461402893,"perturbation":"exact","derivative_method":"exact","_wandb":{"runtime":82},"Backtracking Step Size":0.00390625}