{"Execution Time":79.84948706626892,"Backtracking Step Size":1,"Adaptive Tolerance":0.1463564160312585,"Norm Gradient":0.382565570891133,"derivative_method":"adaptive_central","perturbation":1e-12,"_runtime":80.001080417,"Inner Iterations":2,"rate_of_convergence":"quadratic","_timestamp":1.755634989144428e+09,"_wandb":{"runtime":80},"_step":108}