{"Backtracking Step Size":1,"_step":7,"rate_of_convergence":"superlinear","derivative_method":"forward","_runtime":29.3212137,"perturbation":0.01,"_timestamp":1.7555319065732532e+09,"Execution Time":28.021361589431763,"Adaptive Tolerance":14.348996295213267,"Norm Gradient":25.598022956153024,"Inner Iterations":390,"_wandb":{"runtime":29}}