{"derivative_method":"exact","Execution Time":37.155359745025635,"Norm Gradient":2.2258523052014057e-05,"_runtime":37.243813208,"_timestamp":1.7555739186621351e+09,"Backtracking Step Size":1,"_wandb":{"runtime":37},"preconditioner":"yes","_step":11,"Inner Iterations":0,"perturbation":"exact"}