{"_runtime":20.166233959,"Adaptive Tolerance":13.387014333257557,"_wandb":{"runtime":20},"Norm Gradient":26.774028666515115,"Inner Iterations":71,"rate_of_convergence":"superlinear","Backtracking Step Size":1,"_step":24,"perturbation":0.01,"_timestamp":1.756037033569958e+09,"Execution Time":20.085673332214355,"derivative_method":"backward"}