{"Adaptive Tolerance":0.04359193292276752,"Norm Gradient":0.12386180876182938,"Backtracking Step Size":1,"_step":106,"_timestamp":1.755623874746371e+09,"Execution Time":20.322620630264282,"_wandb":{"runtime":20},"derivative_method":"adaptive_backward","_runtime":20.411887416,"perturbation":1e-12,"Inner Iterations":8,"rate_of_convergence":"superlinear"}