{"preconditioner":"no","_runtime":80.01733775,"derivative_method":"central","Norm Gradient":0.06548904634778845,"perturbation":0.01,"_wandb":{"runtime":80},"_step":17,"_timestamp":1.755577878386375e+09,"Backtracking Step Size":1.7763568394002505e-15,"Inner Iterations":0,"Execution Time":79.79530763626099}