{"preconditioner":"no","Norm Gradient":0.002147770742808651,"perturbation":0.01,"derivative_method":"backward","_step":53,"Execution Time":20.125380039215088,"Inner Iterations":0,"_runtime":20.213987125,"Backtracking Step Size":8.881784197001252e-16,"_wandb":{"runtime":20},"_timestamp":1.755546757302474e+09}