{"derivative_method":"backward","_runtime":84.549920208,"Inner Iterations":24,"_step":8,"Execution Time":84.30684900283813,"preconditioner":"no","Norm Gradient":2940.540951785242,"_timestamp":1.7567264232334201e+09,"_wandb":{"runtime":84},"perturbation":1e-10,"Backtracking Step Size":1}