{"Norm Gradient":0.2701653807276398,"_wandb":{"runtime":80},"Backtracking Step Size":1,"Adaptive Tolerance":0.1350826903638199,"derivative_method":"adaptive_forward","_step":160,"Execution Time":80.13550567626953,"_runtime":80.284058667,"_timestamp":1.7556317147524412e+09,"perturbation":1e-12,"rate_of_convergence":"superlinear","Inner Iterations":5}