{"_runtime":22.155836625,"_timestamp":1.756735226915122e+09,"Execution Time":21.98725175857544,"_step":10,"Norm Gradient":1.4316031929131605e-05,"preconditioner":"no","derivative_method":"backward","perturbation":0.0001,"_wandb":{"runtime":22},"Backtracking Step Size":1,"Inner Iterations":0}