{"Inner Iterations":0,"Norm Gradient":1.7098602677314902e-05,"Backtracking Step Size":1,"_step":25,"preconditioner":"no","_runtime":69.241166417,"perturbation":0.01,"_timestamp":1.756739698845813e+09,"derivative_method":"forward","Execution Time":69.06206512451172,"_wandb":{"runtime":69}}