{"_wandb":{"runtime":20},"_runtime":20.134217541,"_timestamp":1.755624362983854e+09,"perturbation":1e-12,"rate_of_convergence":"superlinear","_step":73,"Execution Time":20.05632519721985,"Norm Gradient":0.13889817411624894,"Backtracking Step Size":1,"Adaptive Tolerance":0.05176602349913769,"Inner Iterations":1,"derivative_method":"central"}