{"Execution Time":315.76668882369995,"_wandb":{"runtime":321},"perturbation":1e-12,"Inner Iterations":49,"derivative_method":"forward","_timestamp":1.75569465305421e+09,"Backtracking Step Size":1,"_runtime":321.45180725,"Adaptive Tolerance":0.4253771961400561,"_step":1,"Norm Gradient":0.8507543922801122,"rate_of_convergence":"superlinear"}