{"_wandb":{"runtime":20},"derivative_method":"adaptive_backward","Execution Time":20.021592378616333,"_step":36,"_runtime":20.113669958,"perturbation":"exact","preconditioner":"yes","_timestamp":1.7555488312126982e+09,"Norm Gradient":2.844662205287546,"Backtracking Step Size":8.881784197001252e-16,"Inner Iterations":0}