{"_timestamp":1.7553593650476933e+09,"_step":19,"Iteration":19,"Norm Gradient":0.019684047067584077,"_wandb":{"runtime":0},"_runtime":0}