{"Adaptive Tolerance":4.1665102122709283e-07,"rate_of_convergence":"superlinear","_wandb":{"runtime":16},"perturbation":0.0001,"_timestamp":1.756040295932866e+09,"Execution Time":16.690734386444092,"_step":13,"Backtracking Step Size":1,"Norm Gradient":5.578468268840535e-05,"derivative_method":"adaptive_forward","_runtime":16.892630292,"Inner Iterations":6}