{"_step":117,"Norm Gradient":0.11271901589844444,"Inner Iterations":1,"_timestamp":1.755624608284853e+09,"perturbation":1e-10,"_wandb":{"runtime":20},"Backtracking Step Size":1,"rate_of_convergence":"quadratic","_runtime":20.101337292,"derivative_method":"adaptive_backward","Execution Time":20.009308099746704,"Adaptive Tolerance":0.01270557654511377}