{"derivative_method":"backward","_step":66,"_wandb":{"runtime":20},"Execution Time":20.086853742599487,"_runtime":20.192853666,"preconditioner":"no","_timestamp":1.7563196500213811e+09,"Inner Iterations":0,"perturbation":0.0001,"Norm Gradient":1.3649348752747466,"Backtracking Step Size":2.2737367544323206e-13}