{"Norm Gradient":1.8248218760830635,"perturbation":"exact","preconditioner":"yes","_runtime":20.124625042,"Backtracking Step Size":3.552713678800501e-15,"_step":52,"derivative_method":"exact","_timestamp":1.755451302203582e+09,"Inner Iterations":0,"_wandb":{"runtime":20},"Execution Time":20.028849124908447}