{"preconditioner":"yes","_step":26,"_wandb":{"runtime":80},"perturbation":0.0001,"_runtime":80.22182725,"Norm Gradient":0.012617647024298453,"_timestamp":1.756721961176289e+09,"Inner Iterations":0,"derivative_method":"adaptive_backward","Backtracking Step Size":1.1368683772161603e-13,"Execution Time":79.94930791854858}