{"Adaptive Tolerance":0.353395656776782,"_timestamp":1.7556943294507031e+09,"perturbation":1e-10,"Backtracking Step Size":1,"_runtime":321.205615292,"Inner Iterations":3,"Norm Gradient":0.706791313553564,"rate_of_convergence":"superlinear","derivative_method":"forward","Execution Time":315.4816131591797,"_wandb":{"runtime":321},"_step":11}