{"Execution Time":82.24954915046692,"_wandb":{"runtime":82},"_timestamp":1.755576997084661e+09,"perturbation":0.0001,"Backtracking Step Size":4.547473508864641e-13,"preconditioner":"no","Inner Iterations":0,"_step":22,"Norm Gradient":0.006197080093833267,"derivative_method":"forward","_runtime":82.463865167}