{"_step":19,"Iteration":19,"Norm Gradient":0.0043314730706190754,"_wandb":{"runtime":1},"_runtime":1,"_timestamp":1.7553590369951334e+09}