{"Norm Gradient":0.03193831660301336,"Inner Iterations":0,"_runtime":81.166238542,"Execution Time":80.98466849327087,"_step":41,"_timestamp":1.75673893893554e+09,"Backtracking Step Size":1.4551915228366852e-11,"perturbation":1e-06,"derivative_method":"adaptive_backward","preconditioner":"no","_wandb":{"runtime":81}}