{"Adaptive Tolerance":24.260372277011502,"_wandb":{"runtime":20},"_runtime":20.161338792,"_timestamp":1.756037270708697e+09,"Backtracking Step Size":0.00390625,"Norm Gradient":48.520744554023004,"_step":60,"Execution Time":20.08710265159607,"Inner Iterations":42,"perturbation":1e-12,"derivative_method":"central","rate_of_convergence":"superlinear"}