{"Norm Gradient":932.9460576912238,"_timestamp":1.755549392284779e+09,"_step":29,"_wandb":{"runtime":20},"Inner Iterations":0,"preconditioner":"yes","perturbation":1e-10,"Execution Time":20.359488248825073,"Backtracking Step Size":1,"derivative_method":"central","_runtime":20.435297708}