{"Norm Gradient":0.0791700063273707,"_timestamp":1.75602844695326e+09,"derivative_method":"adaptive_central","Inner Iterations":0,"rate_of_convergence":"quadratic","Backtracking Step Size":1.4551915228366852e-11,"_step":114,"Adaptive Tolerance":0.006267889901875917,"_runtime":80.010965708,"_wandb":{"runtime":80},"perturbation":0.01,"Execution Time":79.86652779579163}