{"Inner Iterations":0,"Backtracking Step Size":8.881784197001252e-16,"_runtime":20.290074875,"derivative_method":"adaptive_backward","preconditioner":"yes","_step":51,"Norm Gradient":175.274697217039,"perturbation":0.01,"_timestamp":1.756318639709633e+09,"_wandb":{"runtime":20},"Execution Time":20.193042993545532}