{"Execution Time":333.2386338710785,"Inner Iterations":2,"rate_of_convergence":"quadratic","perturbation":1e-06,"Backtracking Step Size":1,"Norm Gradient":157.5839629638697,"derivative_method":"forward","_step":3,"_wandb":{"runtime":347},"_runtime":347.822137458,"Adaptive Tolerance":78.79198148193485,"_timestamp":1.755787740836015e+09}