{"Execution Time":20.334583282470703,"_step":48,"_runtime":20.420405166,"Backtracking Step Size":1,"perturbation":1e-10,"_wandb":{"runtime":20},"derivative_method":"backward","Inner Iterations":1,"preconditioner":"no","_timestamp":1.7555500205131001e+09,"Norm Gradient":932.9840106344028}