{"derivative_method":"backward","Execution Time":79.78124022483826,"Inner Iterations":1,"_step":216,"_wandb":{"runtime":79},"Norm Gradient":0.05186536114598695,"_runtime":79.927612167,"Adaptive Tolerance":0.01181180067070392,"perturbation":1e-12,"Backtracking Step Size":1,"_timestamp":1.755633279652929e+09,"rate_of_convergence":"superlinear"}