{"perturbation":0.0001,"_timestamp":1.756036946087594e+09,"_wandb":{"runtime":20},"_runtime":20.177237291,"Norm Gradient":0.0007217375091224195,"Adaptive Tolerance":1.9389602892751365e-05,"_step":102,"Backtracking Step Size":1,"Execution Time":20.091221809387207,"Inner Iterations":0,"rate_of_convergence":"superlinear","derivative_method":"forward"}