{"_runtime":82.539897542,"Norm Gradient":2941.6587692538396,"preconditioner":"no","Inner Iterations":25,"perturbation":1e-10,"Backtracking Step Size":1,"_wandb":{"runtime":82},"_timestamp":1.756725924525843e+09,"_step":15,"Execution Time":82.29311633110046,"derivative_method":"forward"}