{"Backtracking Step Size":1.7763568394002505e-15,"Execution Time":82.90201830863953,"Norm Gradient":0.06550478740778053,"preconditioner":"no","derivative_method":"adaptive_central","_step":19,"perturbation":0.01,"Inner Iterations":0,"_timestamp":1.7567251881022909e+09,"_runtime":83.190881709,"_wandb":{"runtime":83}}