{"Inner Iterations":1,"rate_of_convergence":"superlinear","Adaptive Tolerance":0.22815048530091692,"derivative_method":"forward","_timestamp":1.7555321967675273e+09,"_step":61,"_wandb":{"runtime":20},"Execution Time":20.19625449180603,"_runtime":20.4337444,"Backtracking Step Size":1,"perturbation":1e-06,"Norm Gradient":0.0015437972219080017}