{"preconditioner":"yes","Inner Iterations":0,"_step":21,"Backtracking Step Size":1,"perturbation":0.0001,"_wandb":{"runtime":72},"_timestamp":1.75551666388446e+09,"Execution Time":71.85787177085876,"_runtime":72.032997083,"derivative_method":"forward","Norm Gradient":6.609774527141484e-05}