{"_wandb":{"runtime":79},"_runtime":79.905987167,"_step":220,"Adaptive Tolerance":0.5073029893533834,"Inner Iterations":1,"perturbation":0.0001,"rate_of_convergence":"superlinear","Backtracking Step Size":2.9103830456733704e-11,"derivative_method":"forward","Execution Time":79.72541928291321,"Norm Gradient":1.0146059787067667,"_timestamp":1.7560264119027278e+09}