{"perturbation":0.01,"rate_of_convergence":"superlinear","derivative_method":"forward","_timestamp":1.7557736645329878e+09,"_wandb":{"runtime":316},"Inner Iterations":4,"_runtime":316.08812525,"Backtracking Step Size":1,"Norm Gradient":171.53680349850669,"Execution Time":300.66330194473267,"_step":2,"Adaptive Tolerance":85.76840174925334}