{"_timestamp":1.756037649428142e+09,"_step":70,"derivative_method":"adaptive_central","Inner Iterations":1,"_runtime":20.092753416,"Norm Gradient":31.629161624187834,"Adaptive Tolerance":15.814580812093917,"perturbation":1e-12,"Backtracking Step Size":1,"_wandb":{"runtime":20},"rate_of_convergence":"quadratic","Execution Time":20.006386041641235}