{"_timestamp":1.756037077482283e+09,"_wandb":{"runtime":20},"Execution Time":20.02026128768921,"Norm Gradient":0.00043985112991424413,"rate_of_convergence":"superlinear","Backtracking Step Size":1,"derivative_method":"backward","_runtime":20.101726375,"Inner Iterations":2,"perturbation":1e-06,"Adaptive Tolerance":9.224834172229488e-06,"_step":113}