{"_wandb":{"runtime":8},"Backtracking Step Size":1,"derivative_method":"forward","Execution Time":7.99509072303772,"Norm Gradient":0.0004900138784370042,"preconditioner":"no","Inner Iterations":0,"_runtime":8.07859225,"_timestamp":1.7554518896881049e+09,"_step":23,"perturbation":1e-06}