{"_runtime":7.203169625,"preconditioner":"yes","derivative_method":"central","_wandb":{"runtime":7},"Backtracking Step Size":1,"Inner Iterations":0,"Norm Gradient":1.1058945255320797e-05,"_step":11,"Execution Time":7.126099348068237,"perturbation":0.0001,"_timestamp":1.755546261259677e+09}