{"Execution Time":30.21311044692993,"Inner Iterations":0,"Backtracking Step Size":1,"perturbation":1e-06,"_step":10,"_wandb":{"runtime":30},"derivative_method":"central","_runtime":30.381673083,"Norm Gradient":1.3395459258206251e-05,"preconditioner":"no","_timestamp":1.7567356219758458e+09}