{"derivative_method":"adaptive_central","Backtracking Step Size":1,"_wandb":{"runtime":20},"_runtime":20.176667833,"Execution Time":20.093420267105103,"perturbation":0.01,"Norm Gradient":0.02503515346849397,"rate_of_convergence":"quadratic","Inner Iterations":1,"_timestamp":1.75603754397689e+09,"_step":53,"Adaptive Tolerance":0.0006267589091910456}