{"Backtracking Step Size":1,"Execution Time":20.09701895713806,"derivative_method":"adaptive_forward","perturbation":1e-12,"Inner Iterations":3,"_runtime":20.185177334,"Norm Gradient":7.425036885127206,"Adaptive Tolerance":3.712518442563603,"_wandb":{"runtime":20},"_step":91,"rate_of_convergence":"superlinear","_timestamp":1.7560366398715441e+09}