{"_runtime":229.381015375,"Backtracking Step Size":1,"perturbation":1e-12,"_wandb":{"runtime":229},"Inner Iterations":1,"rate_of_convergence":"quadratic","Adaptive Tolerance":105.93954196200522,"derivative_method":"adaptive_central","Execution Time":225.52337288856506,"Norm Gradient":211.87908392401044,"_timestamp":1.755977276329338e+09,"_step":7}