{"Inner Iterations":2,"_runtime":356.720564375,"Execution Time":341.6431665420532,"Adaptive Tolerance":77.413452581837,"_timestamp":1.755780666220454e+09,"Norm Gradient":154.826905163674,"_wandb":{"runtime":356},"Backtracking Step Size":1,"_step":3,"perturbation":0.0001,"derivative_method":"adaptive_forward","rate_of_convergence":"quadratic"}