{"Norm Gradient":521.171365702767,"_wandb":{"runtime":359},"Execution Time":343.5865113735199,"Adaptive Tolerance":260.5856828513835,"Backtracking Step Size":0.0078125,"rate_of_convergence":"superlinear","perturbation":1e-10,"_step":2,"Inner Iterations":5,"_runtime":359.05423,"derivative_method":"adaptive_forward","_timestamp":1.755870903756057e+09}