{"perturbation":0.0001,"Adaptive Tolerance":334.25156791336104,"derivative_method":"central","Execution Time":379.379004240036,"_wandb":{"runtime":396},"_runtime":396.013755416,"Inner Iterations":1,"Norm Gradient":668.5031358267221,"_step":2,"_timestamp":1.755778365650788e+09,"Backtracking Step Size":1,"rate_of_convergence":"superlinear"}