{"Backtracking Step Size":8.881784197001252e-16,"_step":51,"_wandb":{"runtime":20},"perturbation":"exact","derivative_method":"exact","_timestamp":1.7554512799301481e+09,"Execution Time":20.03791332244873,"Norm Gradient":175.274697217039,"preconditioner":"yes","_runtime":20.125832459,"Inner Iterations":0}