{"preconditioner":"yes","Inner Iterations":0,"Backtracking Step Size":1,"perturbation":0.0001,"_wandb":{"runtime":44},"_step":10,"Execution Time":44.30188536643982,"Norm Gradient":1.1802647477275654e-05,"_runtime":44.450167666,"derivative_method":"central","_timestamp":1.755555384862748e+09}