{"_wandb":{"runtime":20},"_timestamp":1.75674793920629e+09,"Inner Iterations":0,"_runtime":20.330111917,"derivative_method":"forward","perturbation":1e-10,"_step":85,"Execution Time":20.185474634170532,"Norm Gradient":932.9088033618712,"preconditioner":"no","Backtracking Step Size":1}