{"_timestamp":1.7567406575922492e+09,"Inner Iterations":0,"_wandb":{"runtime":40},"derivative_method":"central","_step":20,"perturbation":0.0001,"Execution Time":39.87201499938965,"Backtracking Step Size":1,"preconditioner":"no","Norm Gradient":0.007879314399212441,"_runtime":40.048763125}