{"_wandb":{"runtime":1},"_runtime":1.2265781,"Norm Gradient":6.367526495094769e-08,"Backtracking Step Size":1,"derivative_method":"exact","Inner Iterations":1,"_timestamp":1.7555318751821716e+09,"_step":63,"Adaptive Tolerance":1.360758642794387e-07,"Execution Time":1.0478410720825195,"rate_of_convergence":"superlinear","perturbation":"exact"}