{"Backtracking Step Size":1,"_step":132,"rate_of_convergence":"superlinear","perturbation":1e-12,"Execution Time":80.25779151916504,"Norm Gradient":0.27977620220553984,"_wandb":{"runtime":80},"Inner Iterations":2,"Adaptive Tolerance":0.13988810110276992,"derivative_method":"central","_runtime":80.401738375,"_timestamp":1.755633638001239e+09}