{"_wandb":{"runtime":20},"Norm Gradient":2.0277769187537332e-05,"Inner Iterations":0,"derivative_method":"backward","_runtime":20.273750416,"Backtracking Step Size":8.881784197001252e-16,"preconditioner":"no","perturbation":0.0001,"_step":96,"_timestamp":1.7567457135722492e+09,"Execution Time":20.140299797058105}