{"Adaptive Tolerance":1.4872333811706465e-10,"Backtracking Step Size":1,"_wandb":{"runtime":0},"Norm Gradient":1.219521783803244e-05,"_timestamp":1.7560511856175182e+09,"_step":11,"derivative_method":"exact","Inner Iterations":13,"Execution Time":0.18808555603027344,"_runtime":0.225285875,"perturbation":"exact","rate_of_convergence":"quadratic"}