{"Execution Time":83.97594690322876,"_step":18,"Backtracking Step Size":1.7763568394002505e-15,"_wandb":{"runtime":84},"derivative_method":"adaptive_central","preconditioner":"no","_timestamp":1.755576433361263e+09,"_runtime":84.190378625,"Norm Gradient":0.0655047928526648,"perturbation":"exact","Inner Iterations":0}