{"_runtime":0,"Norm Gradient":0.004331473070732295,"_timestamp":1.755425076007968e+09,"_step":19,"Iteration":19,"_wandb":{"runtime":0}}