{"_step":13,"preconditioner":"yes","Norm Gradient":418.5860746609402,"Backtracking Step Size":0.5,"_wandb":{"runtime":84},"perturbation":1e-06,"_runtime":84.790063584,"_timestamp":1.756710189498483e+09,"Execution Time":84.60214924812317,"Inner Iterations":0,"derivative_method":"forward"}