{"derivative_method":"backward","Norm Gradient":100.50860751745452,"_step":140,"Inner Iterations":20,"preconditioner":"no","Backtracking Step Size":1,"_runtime":20.287287917,"perturbation":1e-10,"_wandb":{"runtime":20},"_timestamp":1.756744438484344e+09,"Execution Time":20.12030005455017}