{"Backtracking Step Size":1,"_step":48,"perturbation":1e-10,"derivative_method":"central","_timestamp":1.755614956434114e+09,"_wandb":{"runtime":20},"Norm Gradient":1744.3822023211967,"_runtime":20.312158417,"preconditioner":"no","Execution Time":20.22215962409973,"Inner Iterations":0}