{"Norm Gradient":0.00019688946653057657,"Backtracking Step Size":1,"Execution Time":36.66967844963074,"Inner Iterations":0,"perturbation":0.0001,"_step":20,"preconditioner":"no","_wandb":{"runtime":36},"derivative_method":"adaptive_forward","_runtime":36.843617666,"_timestamp":1.7567383987840939e+09}