{"_runtime":82.74082325,"perturbation":1e-08,"Execution Time":82.59354400634766,"derivative_method":"backward","_timestamp":1.7555551192288141e+09,"Inner Iterations":0,"_wandb":{"runtime":82},"Norm Gradient":2.2865981150708934,"Backtracking Step Size":1,"preconditioner":"yes","_step":18}