{"_wandb":{"runtime":39},"Inner Iterations":0,"Backtracking Step Size":1,"Norm Gradient":1.3461103834188957e-05,"derivative_method":"central","_timestamp":1.755557781581473e+09,"Execution Time":39.190762996673584,"perturbation":1e-06,"_runtime":39.338056542,"preconditioner":"no","_step":10}