{"_step":54,"_runtime":80.033775708,"Adaptive Tolerance":87.2185389022487,"rate_of_convergence":"quadratic","_wandb":{"runtime":80},"derivative_method":"central","perturbation":1e-10,"Inner Iterations":87,"Norm Gradient":174.4370778044974,"_timestamp":1.756029956713938e+09,"Backtracking Step Size":1,"Execution Time":79.91212296485901}