{"_wandb":{"runtime":8},"perturbation":0.01,"preconditioner":"no","_timestamp":1.7554518704254878e+09,"Backtracking Step Size":1,"Execution Time":8.40560507774353,"Norm Gradient":1.6217337140441323e-06,"derivative_method":"forward","_runtime":8.490914417,"Inner Iterations":0,"_step":26}