{"Execution Time":20.221731185913086,"_step":67,"_runtime":20.314113917,"derivative_method":"exact","_wandb":{"runtime":20},"preconditioner":"no","Inner Iterations":0,"perturbation":"exact","Norm Gradient":175.2746974183136,"_timestamp":1.755452310373365e+09,"Backtracking Step Size":8.881784197001252e-16}