{"_timestamp":1.755450527951626e+09,"Norm Gradient":1.6217522656272157e-06,"preconditioner":"yes","_wandb":{"runtime":11},"Backtracking Step Size":1,"_runtime":11.230537167,"Execution Time":10.726119995117188,"Inner Iterations":0,"perturbation":0.01,"derivative_method":"forward","_step":26}