{"preconditioner":"no","Inner Iterations":31,"derivative_method":"backward","_wandb":{"runtime":20},"_timestamp":1.7555500424925592e+09,"perturbation":1e-12,"_runtime":20.201225167,"Execution Time":20.118945598602295,"_step":46,"Norm Gradient":923.500400673559,"Backtracking Step Size":1}