{"derivative_method":"forward","_step":85,"preconditioner":"no","Inner Iterations":0,"Backtracking Step Size":4.547473508864641e-13,"_wandb":{"runtime":20},"_timestamp":1.756747890687943e+09,"Norm Gradient":0.0019582521956581674,"_runtime":20.216808167,"Execution Time":20.096170663833618,"perturbation":0.0001}