{"_timestamp":1.756745392647465e+09,"_step":96,"perturbation":0.01,"derivative_method":"adaptive_backward","Norm Gradient":0.0021380344843892093,"Inner Iterations":0,"Execution Time":20.008872509002686,"_wandb":{"runtime":20},"preconditioner":"no","_runtime":20.129052875,"Backtracking Step Size":8.881784197001252e-16}