{"Backtracking Step Size":1,"Norm Gradient":430.90560500331236,"_timestamp":1.755952426103898e+09,"Execution Time":308.9403009414673,"_step":19,"Inner Iterations":0,"rate_of_convergence":"superlinear","Adaptive Tolerance":215.45280250165618,"derivative_method":"adaptive_forward","_wandb":{"runtime":312},"_runtime":312.399552792,"perturbation":0.0001}