{"perturbation":0.0001,"_timestamp":1.7560509889307468e+09,"rate_of_convergence":"quadratic","Inner Iterations":8,"Backtracking Step Size":1.1368683772161603e-13,"Adaptive Tolerance":2.144670570530259e-05,"derivative_method":"adaptive_backward","Execution Time":20.07153010368347,"_wandb":{"runtime":20},"Norm Gradient":0.004631058810391268,"_step":53,"_runtime":20.144908958}