{"Inner Iterations":0,"_step":20,"_timestamp":1.7563197578091002e+09,"preconditioner":"no","Backtracking Step Size":1,"_wandb":{"runtime":8},"perturbation":0.0001,"Execution Time":8.207326650619507,"derivative_method":"central","_runtime":8.291274542,"Norm Gradient":0.0013199224493110609}