{"Norm Gradient":445.3070232043056,"Backtracking Step Size":0.00390625,"_step":3,"perturbation":1e-10,"derivative_method":"central","_timestamp":1.7555354565475662e+09,"Execution Time":165.25001502037048,"_runtime":165.4902256,"rate_of_convergence":"quadratic","Inner Iterations":1000,"Adaptive Tolerance":222.66067703792135,"_wandb":{"runtime":165}}