{"perturbation":1e-12,"_wandb":{"runtime":20},"Norm Gradient":1691.746447297787,"_timestamp":1.7556149791466959e+09,"Execution Time":20.348448991775513,"preconditioner":"no","_runtime":20.437114916,"Inner Iterations":0,"derivative_method":"central","_step":51,"Backtracking Step Size":1}