{"Norm Gradient":1.1802642375428315e-05,"preconditioner":"no","Backtracking Step Size":1,"_wandb":{"runtime":32},"perturbation":0.0001,"_timestamp":1.755557740341033e+09,"Inner Iterations":0,"_step":10,"derivative_method":"central","_runtime":32.907453375,"Execution Time":32.76058506965637}