{"_runtime":81.695936708,"perturbation":0.0001,"preconditioner":"no","Inner Iterations":0,"_timestamp":1.755520292254875e+09,"Execution Time":81.55374431610107,"_wandb":{"runtime":81},"derivative_method":"backward","_step":29,"Backtracking Step Size":1.4210854715202004e-14,"Norm Gradient":10.602059008336534}