{"Iteration":19,"Norm Gradient":0.0043314730706190754,"_timestamp":1.7554250729656649e+09,"_step":19,"_wandb":{"runtime":0},"_runtime":0}