{"Backtracking Step Size":8.881784197001252e-16,"perturbation":"exact","_runtime":13.2977493,"Inner Iterations":0,"Norm Gradient":1.0900371071080706,"_step":123,"Execution Time":10.039674758911133,"preconditioner":"yes","_wandb":{"runtime":13},"_timestamp":1.7554396734022138e+09,"derivative_method":"exact"}