{"Inner Iterations":0,"perturbation":0.01,"_wandb":{"runtime":80},"_runtime":80.04876175,"rate_of_convergence":"quadratic","_timestamp":1.7560297029579468e+09,"Adaptive Tolerance":0.009561899521536637,"Execution Time":79.9153835773468,"derivative_method":"central","Backtracking Step Size":1.4551915228366852e-11,"Norm Gradient":0.09778496572345177,"_step":129}