{"Norm Gradient":525.7693020585705,"Execution Time":346.86447930336,"_wandb":{"runtime":363},"_runtime":363.869107917,"Inner Iterations":0,"Adaptive Tolerance":262.88465102928524,"_timestamp":1.7558817385810502e+09,"rate_of_convergence":"superlinear","derivative_method":"central","Backtracking Step Size":0.0078125,"_step":2,"perturbation":1e-08}