{"Backtracking Step Size":1,"_step":11,"_wandb":{"runtime":49},"Execution Time":49.62527561187744,"perturbation":1e-06,"_timestamp":1.7555545644642382e+09,"_runtime":49.763080417,"preconditioner":"yes","derivative_method":"forward","Norm Gradient":1.32204246432243e-05,"Inner Iterations":0}