{"Norm Gradient":0.7300180358482895,"_wandb":{"runtime":81},"preconditioner":"yes","_step":27,"Inner Iterations":0,"Backtracking Step Size":2.842170943040401e-14,"Execution Time":81.2997989654541,"_timestamp":1.756721431371265e+09,"derivative_method":"adaptive_forward","perturbation":0.01,"_runtime":81.830425958}