{"Execution Time":10.07988977432251,"_wandb":{"runtime":10},"_runtime":10.161535459,"Inner Iterations":0,"Backtracking Step Size":1,"_timestamp":1.755451073381642e+09,"derivative_method":"central","perturbation":0.0001,"_step":20,"Norm Gradient":0.00136206595486857,"preconditioner":"yes"}