{"Adaptive Tolerance":45.547035287642196,"rate_of_convergence":"quadratic","derivative_method":"adaptive_backward","perturbation":0.01,"_wandb":{"runtime":79},"_runtime":79.995595375,"Norm Gradient":91.09407057528439,"Inner Iterations":1,"_step":109,"Execution Time":79.85658359527588,"_timestamp":1.756028011720591e+09,"Backtracking Step Size":5.684341886080802e-14}