{"Inner Iterations":2,"perturbation":0.0001,"_step":18,"_timestamp":1.755979832768746e+09,"Norm Gradient":240.90676654980115,"Backtracking Step Size":1,"Adaptive Tolerance":120.45338327490057,"_runtime":305.445412667,"Execution Time":302.19167733192444,"_wandb":{"runtime":305},"rate_of_convergence":"quadratic","derivative_method":"backward"}