{"_timestamp":1.7563191436915882e+09,"Norm Gradient":19.699803963625545,"perturbation":1e-08,"Inner Iterations":0,"_step":43,"preconditioner":"yes","Backtracking Step Size":1,"_wandb":{"runtime":20},"_runtime":20.424128042,"Execution Time":20.3374342918396,"derivative_method":"central"}