{"Backtracking Step Size":0.00390625,"Norm Gradient":27.070361551696283,"derivative_method":"backward","_timestamp":1.756037143008992e+09,"Adaptive Tolerance":13.535180775848142,"_step":111,"Execution Time":20.05697011947632,"rate_of_convergence":"superlinear","_wandb":{"runtime":20},"perturbation":1e-12,"_runtime":20.138504458,"Inner Iterations":1}