{"Backtracking Step Size":1,"Norm Gradient":0.27903586036910566,"Execution Time":79.67717957496643,"_step":127,"_timestamp":1.755636198919292e+09,"Adaptive Tolerance":0.07786101137192702,"perturbation":1e-10,"_wandb":{"runtime":79},"rate_of_convergence":"quadratic","Inner Iterations":1,"_runtime":79.81674675,"derivative_method":"central"}