{"_runtime":79.961718542,"perturbation":0.0001,"Inner Iterations":0,"rate_of_convergence":"quadratic","Backtracking Step Size":1.8189894035458565e-12,"Adaptive Tolerance":0.42050333420521363,"Norm Gradient":0.8410066684104273,"Execution Time":79.8163833618164,"_wandb":{"runtime":79},"derivative_method":"adaptive_forward","_timestamp":1.75602768162183e+09,"_step":195}