{"_wandb":{"runtime":84},"derivative_method":"exact","rate_of_convergence":"quadratic","Backtracking Step Size":0.00390625,"_timestamp":1.7555358978123763e+09,"Execution Time":83.92495632171631,"Inner Iterations":1000,"Adaptive Tolerance":171.53361297991356,"_step":9,"perturbation":"exact","_runtime":84.1506615,"Norm Gradient":102.11931086856517}