{"Backtracking Step Size":1.1368683772161603e-13,"_wandb":{"runtime":20},"preconditioner":"yes","Inner Iterations":0,"_step":38,"perturbation":"exact","Execution Time":20.333636045455933,"Norm Gradient":0.003993256402478538,"_runtime":20.424079834,"derivative_method":"adaptive_backward","_timestamp":1.755548853515109e+09}