{"_runtime":346.686724958,"derivative_method":"forward","_wandb":{"runtime":346},"_step":3,"Inner Iterations":2,"Norm Gradient":157.5839629638697,"Backtracking Step Size":1,"perturbation":1e-06,"Execution Time":332.38395071029663,"_timestamp":1.755890245718356e+09,"Adaptive Tolerance":78.79198148193485,"rate_of_convergence":"quadratic"}