{"_wandb":{"runtime":11},"Norm Gradient":1.0900371071080706,"preconditioner":"yes","_runtime":11.7372206,"Execution Time":10.0063157081604,"Backtracking Step Size":8.881784197001252e-16,"perturbation":"exact","Inner Iterations":0,"_step":257,"_timestamp":1.7554400086522534e+09,"derivative_method":"forward"}