{"Execution Time":20.08091139793396,"Backtracking Step Size":8.881784197001252e-16,"_timestamp":1.7567476309707851e+09,"Norm Gradient":2.8446621718818834,"preconditioner":"no","_wandb":{"runtime":20},"Inner Iterations":0,"_step":82,"derivative_method":"adaptive_backward","perturbation":0.01,"_runtime":20.193514041}