{"rate_of_convergence":"superlinear","Inner Iterations":0,"Norm Gradient":3.737610913183091e-05,"_step":153,"_wandb":{"runtime":79},"_timestamp":1.756027237600779e+09,"_runtime":79.997627,"Backtracking Step Size":1.862645149230957e-09,"Adaptive Tolerance":2.285025935408152e-07,"derivative_method":"central","perturbation":0.0001,"Execution Time":79.81445169448853}