{"_wandb":{"runtime":20},"_runtime":20.162056583,"Backtracking Step Size":1,"Norm Gradient":937.9990613378054,"derivative_method":"forward","preconditioner":"no","perturbation":1e-12,"Execution Time":20.085403203964233,"_timestamp":1.7555498876243908e+09,"_step":48,"Inner Iterations":0}