{"_wandb":{"runtime":323},"_runtime":323.555301833,"perturbation":1e-08,"rate_of_convergence":"superlinear","Execution Time":316.1661343574524,"_step":4,"derivative_method":"central","_timestamp":1.755697579299382e+09,"Adaptive Tolerance":0.35631637084943607,"Norm Gradient":0.7126327416988721,"Backtracking Step Size":1,"Inner Iterations":1}