{"Norm Gradient":2.3337840785161625,"Inner Iterations":27,"_wandb":{"runtime":82},"perturbation":1e-12,"_runtime":82.517261625,"preconditioner":"yes","_timestamp":1.7555548194324322e+09,"derivative_method":"forward","Execution Time":82.36796522140503,"Backtracking Step Size":1,"_step":11}