{"Adaptive Tolerance":43.77189252064375,"_step":53,"rate_of_convergence":"superlinear","derivative_method":"exact","_wandb":{"runtime":20},"Execution Time":20.101979970932007,"Backtracking Step Size":1,"_runtime":20.3492809,"_timestamp":1.7555332291073506e+09,"perturbation":"exact","Inner Iterations":1,"Norm Gradient":24.69949911917746}