{"rate_of_convergence":"quadratic","_timestamp":1.7555351140211928e+09,"derivative_method":"central","Execution Time":20.11444640159607,"Norm Gradient":35.926742944987105,"_wandb":{"runtime":20},"Adaptive Tolerance":12.16635490604441,"perturbation":1e-06,"_step":30,"Inner Iterations":2,"Backtracking Step Size":1,"_runtime":20.3646067}