{"Norm Gradient":55.57321490199481,"_runtime":20.223985834,"_wandb":{"runtime":20},"_step":130,"_timestamp":1.756744460386863e+09,"derivative_method":"backward","Execution Time":20.090529441833496,"preconditioner":"no","Backtracking Step Size":1,"Inner Iterations":0,"perturbation":1e-12}