{"_step":5,"_wandb":{"runtime":20},"Inner Iterations":65,"Backtracking Step Size":0.0078125,"Norm Gradient":17.39740241829634,"derivative_method":"adaptive_central","Execution Time":20.139592170715332,"_runtime":20.20953025,"_timestamp":1.75605053120654e+09,"Adaptive Tolerance":8.69870120914817,"perturbation":1e-10,"rate_of_convergence":"superlinear"}