{"_step":2,"derivative_method":"central","Adaptive Tolerance":332.21270984743063,"_wandb":{"runtime":403},"Inner Iterations":1,"rate_of_convergence":"quadratic","Execution Time":387.2159368991852,"_runtime":403.309294917,"_timestamp":1.755894622528882e+09,"perturbation":1e-06,"Norm Gradient":664.4254196948613,"Backtracking Step Size":1}