{"Execution Time":22.20871615409851,"Norm Gradient":0.00048215364683064545,"Adaptive Tolerance":1.0587128490705205e-05,"Backtracking Step Size":1,"_wandb":{"runtime":22},"_step":16,"derivative_method":"adaptive_forward","_timestamp":1.755623637737355e+09,"perturbation":0.01,"rate_of_convergence":"superlinear","Inner Iterations":100,"_runtime":22.716986916}