{"Backtracking Step Size":1,"Inner Iterations":1,"_step":1,"Norm Gradient":1.0846895086877704,"perturbation":1e-12,"Execution Time":44.818613052368164,"_runtime":50.433145583,"_timestamp":1.75569629076508e+09,"derivative_method":"backward","Adaptive Tolerance":0.5423447543438852,"_wandb":{"runtime":50},"rate_of_convergence":"superlinear"}