{"derivative_method":"forward","_timestamp":1.755546051588195e+09,"_wandb":{"runtime":5},"Inner Iterations":0,"_step":11,"_runtime":5.555529708,"preconditioner":"yes","perturbation":0.0001,"Norm Gradient":3.105298114164861e-05,"Backtracking Step Size":1,"Execution Time":5.4800965785980225}