{"Execution Time":20.03235149383545,"_step":66,"Inner Iterations":0,"Norm Gradient":1.957383660019219,"_timestamp":1.756319325223517e+09,"perturbation":0.0001,"derivative_method":"adaptive_backward","preconditioner":"no","Backtracking Step Size":3.552713678800501e-15,"_wandb":{"runtime":20},"_runtime":20.130218708}