{"_step":6,"_wandb":{"runtime":321},"rate_of_convergence":"quadratic","_timestamp":1.7557065719582222e+09,"_runtime":321.533356834,"Adaptive Tolerance":3.829265952097353e-07,"derivative_method":"backward","Backtracking Step Size":1,"perturbation":0.01,"Norm Gradient":0.0006188106295222596,"Execution Time":315.8672490119934,"Inner Iterations":0}