{"Backtracking Step Size":3.552713678800501e-15,"Norm Gradient":1.1983788331805059,"_wandb":{"runtime":20},"derivative_method":"backward","_timestamp":1.75561325495722e+09,"_step":51,"Inner Iterations":0,"_runtime":20.313013625,"preconditioner":"yes","Execution Time":20.22126817703247,"perturbation":0.0001}