{"_step":66,"Norm Gradient":0.0006179191292474021,"_wandb":{"runtime":20},"preconditioner":"no","_timestamp":1.755614445127414e+09,"Inner Iterations":0,"derivative_method":"adaptive_backward","Execution Time":20.1367506980896,"perturbation":"exact","_runtime":20.227537666,"Backtracking Step Size":3.637978807091713e-12}