{"Inner Iterations":0,"perturbation":1e-10,"preconditioner":"no","Execution Time":20.27099108695984,"_wandb":{"runtime":20},"_runtime":20.365581333,"derivative_method":"forward","Norm Gradient":829.5957521365357,"Backtracking Step Size":1,"_step":49,"_timestamp":1.756319583774889e+09}