{"derivative_method":"adaptive_central","Backtracking Step Size":1,"Execution Time":4.1722190380096436,"_wandb":{"runtime":4},"perturbation":1e-06,"Inner Iterations":6,"Adaptive Tolerance":7.533235124634886e-08,"_runtime":4.251668667,"rate_of_convergence":"superlinear","_timestamp":1.756050486014528e+09,"Norm Gradient":1.7836967258457334e-05,"_step":11}