{"rate_of_convergence":"superlinear","Adaptive Tolerance":11.390502726407977,"Norm Gradient":53.90348824172625,"Execution Time":85.6685049533844,"derivative_method":"exact","_wandb":{"runtime":85},"_runtime":85.9350814,"perturbation":"exact","Backtracking Step Size":1,"Inner Iterations":1000,"_timestamp":1.755533607830219e+09,"_step":13}