{"_runtime":80.385734416,"Inner Iterations":8,"_wandb":{"runtime":80},"Adaptive Tolerance":0.26939792484790975,"derivative_method":"adaptive_backward","Backtracking Step Size":1,"perturbation":1e-10,"Execution Time":80.15999054908752,"_step":33,"rate_of_convergence":"superlinear","_timestamp":1.756040972077148e+09,"Norm Gradient":0.5387958496958195}