{"Norm Gradient":7.283522280293861,"_wandb":{"runtime":20},"_runtime":20.344075542,"Execution Time":20.25422763824463,"preconditioner":"yes","_timestamp":1.7555463370644102e+09,"_step":33,"perturbation":1e-12,"derivative_method":"central","Backtracking Step Size":1,"Inner Iterations":0}