{"perturbation":"exact","Execution Time":20.04094886779785,"Inner Iterations":0,"_runtime":20.137566334,"_timestamp":1.755546445729918e+09,"preconditioner":"no","derivative_method":"adaptive_backward","Backtracking Step Size":8.881784197001252e-16,"_wandb":{"runtime":20},"_step":52,"Norm Gradient":0.0021380344853275356}