{"_wandb":{"runtime":20},"_timestamp":1.75674802763249e+09,"_step":87,"Norm Gradient":1.1305355657714963e-05,"derivative_method":"backward","Backtracking Step Size":1.4210854715202004e-14,"preconditioner":"no","perturbation":1e-06,"Execution Time":20.076816082000732,"Inner Iterations":0,"_runtime":20.199103709}