{"Backtracking Step Size":1,"_timestamp":1.755520729227527e+09,"_step":20,"derivative_method":"central","Norm Gradient":5.391659242712077e-05,"Execution Time":54.78449535369873,"_wandb":{"runtime":54},"preconditioner":"no","Inner Iterations":0,"_runtime":54.948014167,"perturbation":0.01}