{"Inner Iterations":3,"_wandb":{"runtime":80},"Execution Time":80.32328653335571,"_step":37,"perturbation":0.01,"rate_of_convergence":"quadratic","_timestamp":1.756043526229564e+09,"Backtracking Step Size":1.8189894035458565e-12,"_runtime":80.528404917,"derivative_method":"adaptive_central","Adaptive Tolerance":0.001073336602070042,"Norm Gradient":0.03276181622056448}