{"derivative_method":"central","_wandb":{"runtime":403},"Adaptive Tolerance":334.25156791336104,"perturbation":0.0001,"Inner Iterations":1,"_step":2,"Norm Gradient":668.5031358267221,"_runtime":403.999361875,"_timestamp":1.75589421752736e+09,"rate_of_convergence":"quadratic","Execution Time":386.62499737739563,"Backtracking Step Size":1}