{"_runtime":81.330038333,"derivative_method":"backward","Execution Time":81.02177309989929,"preconditioner":"yes","perturbation":1e-06,"Norm Gradient":3.759103344632054e-05,"_timestamp":1.7567234530337741e+09,"_wandb":{"runtime":81},"_step":27,"Backtracking Step Size":5.684341886080802e-14,"Inner Iterations":0}