{"Execution Time":10.22241997718811,"_wandb":{"runtime":10},"perturbation":0.01,"derivative_method":"central","Backtracking Step Size":1,"_timestamp":1.755451061274931e+09,"Inner Iterations":0,"_runtime":10.309256375,"_step":20,"preconditioner":"yes","Norm Gradient":1.7050107904736183e-05}