{"derivative_method":"exact","_step":19,"_wandb":{"runtime":0},"Execution Time":0.0015180110931396484,"Backtracking Step Size":1,"Norm Gradient":0.004331473070732295,"perturbation":"exact","preconditioner":"no","_runtime":0.3424153,"Inner Iterations":0,"_timestamp":1.7554354310906177e+09}