{"_step":46,"Execution Time":20.549121856689453,"perturbation":1e-12,"_wandb":{"runtime":20},"Norm Gradient":56.56031577228466,"derivative_method":"backward","_timestamp":1.7555326594730368e+09,"_runtime":20.8362691,"Inner Iterations":3,"Adaptive Tolerance":28.280843413101234,"rate_of_convergence":"superlinear","Backtracking Step Size":1}