{"Norm Gradient":30.65210743132909,"_timestamp":1.7553593809090981e+09,"_wandb":{"runtime":10},"_runtime":10,"_step":382,"Iteration":382}