{"Inner Iterations":0,"_step":101,"_timestamp":1.7567456253547142e+09,"perturbation":1e-08,"_runtime":20.328964541,"derivative_method":"forward","preconditioner":"no","Backtracking Step Size":1,"_wandb":{"runtime":20},"Norm Gradient":6.2912822774871575,"Execution Time":20.187544345855713}