{"_wandb":{"runtime":20},"Execution Time":20.28132963180542,"_runtime":20.377610625,"Backtracking Step Size":1.8189894035458565e-12,"Inner Iterations":0,"perturbation":1e-06,"Norm Gradient":0.009630731425045298,"derivative_method":"backward","_timestamp":1.756319672201946e+09,"_step":56,"preconditioner":"no"}