{"_wandb":{"runtime":335},"Execution Time":320.69849133491516,"derivative_method":"backward","Backtracking Step Size":1,"_step":3,"_timestamp":1.7557758287210848e+09,"Adaptive Tolerance":243.95832673664611,"rate_of_convergence":"superlinear","perturbation":0.01,"Norm Gradient":487.91665347329223,"Inner Iterations":1,"_runtime":335.67119025}