{"Norm Gradient":3.8747490429836214e-05,"_runtime":48.912849166,"_wandb":{"runtime":48},"perturbation":0.0001,"_timestamp":1.756726642008594e+09,"preconditioner":"no","Execution Time":48.6545832157135,"Backtracking Step Size":1,"_step":11,"derivative_method":"central","Inner Iterations":0}