{"Norm Gradient":616.1512958945126,"perturbation":0.01,"Inner Iterations":0,"_step":47,"Backtracking Step Size":9.5367431640625e-07,"derivative_method":"backward","_wandb":{"runtime":81},"_timestamp":1.7567401243687732e+09,"Execution Time":80.94498229026794,"_runtime":81.115433541,"preconditioner":"no"}