{"perturbation":0.01,"Execution Time":312.9299478530884,"Backtracking Step Size":1,"Adaptive Tolerance":2.270769600673664e-07,"Norm Gradient":0.0004765259280116523,"_step":6,"_timestamp":1.7557046521226509e+09,"Inner Iterations":1,"_wandb":{"runtime":318},"derivative_method":"forward","rate_of_convergence":"quadratic","_runtime":318.788066791}