{"Norm Gradient":4.4892010602059097e-05,"perturbation":1e-06,"Inner Iterations":100,"_step":48,"Execution Time":47.784719467163086,"derivative_method":"central","_timestamp":1.756029793216861e+09,"Backtracking Step Size":1,"_wandb":{"runtime":47},"Adaptive Tolerance":2.0152926158953864e-09,"_runtime":47.912651083,"rate_of_convergence":"quadratic"}