{"Adaptive Tolerance":69.81681679589742,"Backtracking Step Size":0.015625,"Norm Gradient":139.63363359179485,"_wandb":{"runtime":20},"derivative_method":"forward","_step":11,"perturbation":1e-08,"Execution Time":20.077620267868042,"Inner Iterations":96,"rate_of_convergence":"quadratic","_runtime":20.149623542,"_timestamp":1.756051223821485e+09}