{"preconditioner":"no","perturbation":0.0001,"_timestamp":1.756713297744857e+09,"Execution Time":85.50362586975098,"derivative_method":"forward","_wandb":{"runtime":85},"_runtime":85.679134625,"_step":13,"Backtracking Step Size":1,"Inner Iterations":0,"Norm Gradient":141.46658571388065}