{"Norm Gradient":1.2392141046770218e-05,"preconditioner":"no","_timestamp":1.756735561796597e+09,"Execution Time":25.940860986709595,"Backtracking Step Size":1,"_step":10,"_runtime":26.106784584,"Inner Iterations":0,"derivative_method":"central","perturbation":0.01,"_wandb":{"runtime":26}}