{"Backtracking Step Size":1,"perturbation":1e-06,"Inner Iterations":0,"_runtime":67.10949225,"Execution Time":66.89148688316345,"derivative_method":"central","preconditioner":"yes","Norm Gradient":2.204733509670177e-05,"_timestamp":1.7555751278513238e+09,"_step":11,"_wandb":{"runtime":67}}