{"_step":7,"perturbation":1e-12,"Adaptive Tolerance":105.93954196200522,"_timestamp":1.755964469417058e+09,"Backtracking Step Size":1,"Norm Gradient":211.87908392401044,"_wandb":{"runtime":238},"_runtime":238.648667708,"derivative_method":"adaptive_central","Execution Time":234.61971282958984,"Inner Iterations":1,"rate_of_convergence":"superlinear"}