{"Inner Iterations":0,"Backtracking Step Size":1,"_wandb":{"runtime":60},"_step":23,"Norm Gradient":0.0002530272634632223,"_runtime":60.366508792,"derivative_method":"forward","Execution Time":60.217264890670776,"_timestamp":1.755519838677206e+09,"perturbation":1e-06,"preconditioner":"no"}