{"Adaptive Tolerance":6.155190185792774e-10,"_runtime":38.290169792,"Norm Gradient":2.4809655752937756e-05,"Backtracking Step Size":1,"derivative_method":"forward","rate_of_convergence":"quadratic","Execution Time":38.08565139770508,"perturbation":1e-06,"Inner Iterations":92,"_wandb":{"runtime":38},"_step":13,"_timestamp":1.756043949677356e+09}