{"preconditioner":"no","perturbation":0.01,"Backtracking Step Size":1,"_step":24,"_wandb":{"runtime":7},"Execution Time":7.332718133926392,"Norm Gradient":1.8027812112956987e-05,"derivative_method":"forward","Inner Iterations":0,"_runtime":7.417326458,"_timestamp":1.756319522289872e+09}