{"Inner Iterations":38,"_runtime":20.16549625,"Norm Gradient":149.12317415043105,"_wandb":{"runtime":20},"perturbation":1e-08,"derivative_method":"adaptive_forward","Adaptive Tolerance":74.56158707521553,"Backtracking Step Size":8.881784197001252e-16,"Execution Time":20.084000825881958,"_step":8,"rate_of_convergence":"quadratic","_timestamp":1.7560373464064078e+09}