{"Backtracking Step Size":1,"Norm Gradient":0.2380160131401665,"rate_of_convergence":"superlinear","_wandb":{"runtime":20},"derivative_method":"adaptive_backward","_timestamp":1.756036683833911e+09,"Execution Time":20.1019926071167,"_runtime":20.191194791,"_step":95,"Inner Iterations":1,"Adaptive Tolerance":0.1161205982073087,"perturbation":0.0001}