{"_runtime":20.211630083,"Execution Time":20.099669694900513,"perturbation":1e-06,"_wandb":{"runtime":20},"_step":51,"Inner Iterations":0,"_timestamp":1.756319019849029e+09,"preconditioner":"yes","derivative_method":"backward","Backtracking Step Size":1.1641532182693481e-10,"Norm Gradient":0.018177368952488553}