{"Norm Gradient":6.367526495094769e-08,"Execution Time":1.0767555236816406,"rate_of_convergence":"superlinear","_wandb":{"runtime":1},"Backtracking Step Size":1,"Inner Iterations":1,"_step":63,"perturbation":"exact","_runtime":1.2675328000000001,"derivative_method":"exact","Adaptive Tolerance":1.360758642794387e-07,"_timestamp":1.755531411245168e+09}