{"_timestamp":1.7556908085553868e+09,"perturbation":0.01,"_runtime":308.908469875,"Execution Time":301.55594205856323,"Backtracking Step Size":1,"_step":4,"_wandb":{"runtime":308},"Norm Gradient":0.01873611240415534,"Inner Iterations":4,"Adaptive Tolerance":0.0025645975604865,"derivative_method":"adaptive_central","rate_of_convergence":"superlinear"}