{"_wandb":{"runtime":80},"preconditioner":"yes","derivative_method":"backward","Execution Time":80.03935122489929,"Norm Gradient":0.012616572229450609,"Inner Iterations":0,"perturbation":0.0001,"_runtime":80.287133791,"_timestamp":1.756723370029925e+09,"Backtracking Step Size":1.1368683772161603e-13,"_step":27}