{"derivative_method":"backward","_timestamp":1.7556275001170812e+09,"_wandb":{"runtime":20},"_runtime":20.208576459,"Inner Iterations":10,"Adaptive Tolerance":2.9400403704125516e-06,"Execution Time":20.1332106590271,"Norm Gradient":0.0017146545921591764,"Backtracking Step Size":8.881784197001252e-16,"_step":45,"perturbation":0.01,"rate_of_convergence":"quadratic"}