{"Inner Iterations":1,"derivative_method":"backward","_runtime":331.345983708,"_timestamp":1.7557891964515688e+09,"Adaptive Tolerance":243.95832673664611,"_wandb":{"runtime":331},"Backtracking Step Size":1,"perturbation":0.01,"Norm Gradient":487.91665347329223,"Execution Time":317.03924012184143,"_step":3,"rate_of_convergence":"quadratic"}