{"Backtracking Step Size":1,"_step":21,"_wandb":{"runtime":38},"Norm Gradient":0.002165705080859125,"Execution Time":38.06475305557251,"perturbation":1e-06,"preconditioner":"no","_runtime":38.253175791,"derivative_method":"forward","Inner Iterations":0,"_timestamp":1.756739778557751e+09}