{"_runtime":20.170390875,"_timestamp":1.7560367494670331e+09,"_step":87,"derivative_method":"adaptive_backward","perturbation":1e-10,"Backtracking Step Size":1,"Adaptive Tolerance":37.19971107517179,"_wandb":{"runtime":20},"Inner Iterations":43,"rate_of_convergence":"superlinear","Norm Gradient":74.39942215034358,"Execution Time":20.08369207382202}