{"Execution Time":23.159698009490967,"Norm Gradient":1.8714360171284254e-05,"Inner Iterations":100,"_wandb":{"runtime":23},"perturbation":0.0001,"Backtracking Step Size":1,"_timestamp":1.755624537370498e+09,"_runtime":23.240828208,"Adaptive Tolerance":3.502272766205504e-10,"derivative_method":"adaptive_backward","rate_of_convergence":"quadratic","_step":17}