{"Execution Time":299.568724155426,"_step":717,"Adaptive Tolerance":18134.738185510458,"perturbation":"exact","derivative_method":"exact","Inner Iterations":1,"_wandb":{"runtime":300},"_runtime":300.644178333,"rate_of_convergence":"superlinear","_timestamp":1.755692720791948e+09,"Norm Gradient":36269.476371020915,"Backtracking Step Size":8.881784197001252e-16}