{"perturbation":0.01,"Backtracking Step Size":7.105427357601002e-15,"_step":112,"_timestamp":1.7560372925420039e+09,"Inner Iterations":1,"Execution Time":20.0799400806427,"derivative_method":"adaptive_forward","_wandb":{"runtime":20},"Adaptive Tolerance":2.037774871782292,"Norm Gradient":4.075549743564584,"rate_of_convergence":"quadratic","_runtime":20.169940083}