{"_runtime":95.2627921,"Inner Iterations":1000,"Adaptive Tolerance":11.979123836105826,"_step":34,"Norm Gradient":81.44712541015103,"_wandb":{"runtime":95},"_timestamp":1.755533705512331e+09,"Execution Time":95.01583743095398,"derivative_method":"exact","rate_of_convergence":"superlinear","perturbation":"exact","Backtracking Step Size":1}