{"derivative_method":"adaptive_backward","_timestamp":1.7567454144553769e+09,"Inner Iterations":0,"_step":99,"Norm Gradient":2.027737957257301e-05,"Backtracking Step Size":8.881784197001252e-16,"_runtime":20.189084834,"preconditioner":"no","_wandb":{"runtime":20},"perturbation":0.0001,"Execution Time":20.067711114883423}