{"Inner Iterations":1,"Backtracking Step Size":1,"Adaptive Tolerance":247.614549215425,"Norm Gradient":495.22909843085,"_step":3,"derivative_method":"adaptive_backward","_wandb":{"runtime":340},"rate_of_convergence":"quadratic","_runtime":340.849063042,"Execution Time":325.61841225624084,"perturbation":0.01,"_timestamp":1.7557824375504909e+09}