{"_step":12,"_runtime":82.407330375,"perturbation":0.0001,"_timestamp":1.7567127056447349e+09,"_wandb":{"runtime":82},"Inner Iterations":0,"Backtracking Step Size":1,"derivative_method":"adaptive_central","preconditioner":"no","Execution Time":82.1972336769104,"Norm Gradient":321.96374636925503}