{"_runtime":10,"Iteration":363,"Norm Gradient":97.2006866682845,"_timestamp":1.7553593931569438e+09,"_step":363,"_wandb":{"runtime":10}}