{"Execution Time":306.0827970504761,"_wandb":{"runtime":309},"_step":9,"rate_of_convergence":"superlinear","Backtracking Step Size":1,"perturbation":1e-12,"_runtime":309.9972985,"Adaptive Tolerance":1140.6325468715213,"Inner Iterations":2,"_timestamp":1.755970117508579e+09,"Norm Gradient":2281.2650937430426,"derivative_method":"central"}