{"_step":47,"Norm Gradient":81.32606828576475,"perturbation":1e-12,"preconditioner":"yes","_wandb":{"runtime":20},"Inner Iterations":29,"derivative_method":"backward","Backtracking Step Size":1,"_timestamp":1.756319086252295e+09,"_runtime":20.364643875,"Execution Time":20.271848440170288}