{"Adaptive Tolerance":262.88389461715843,"Inner Iterations":1,"Backtracking Step Size":0.0078125,"_wandb":{"runtime":392},"Execution Time":376.4625358581543,"perturbation":1e-08,"_runtime":392.750101375,"Norm Gradient":525.7677892343169,"rate_of_convergence":"superlinear","_timestamp":1.755772533462857e+09,"derivative_method":"adaptive_central","_step":2}