{"Norm Gradient":3.1072462095045784e-05,"Execution Time":4.958044052124023,"_step":23,"preconditioner":"no","Backtracking Step Size":1,"derivative_method":"central","perturbation":1e-06,"_timestamp":1.756744479387063e+09,"Inner Iterations":0,"_wandb":{"runtime":5},"_runtime":5.075443708}