{"rate_of_convergence":"quadratic","derivative_method":"backward","_timestamp":1.7558920565995378e+09,"Inner Iterations":2,"_step":3,"Execution Time":343.0325961112976,"Backtracking Step Size":1,"_runtime":357.498952583,"_wandb":{"runtime":357},"perturbation":0.0001,"Norm Gradient":157.99662987004274,"Adaptive Tolerance":78.99831493502137}