{"_timestamp":1.756318867194942e+09,"derivative_method":"forward","Execution Time":9.879181146621704,"Backtracking Step Size":1,"_wandb":{"runtime":9},"Inner Iterations":0,"_step":24,"perturbation":0.01,"_runtime":9.970405583,"Norm Gradient":1.8027819137882275e-05,"preconditioner":"yes"}