{"Backtracking Step Size":1,"Adaptive Tolerance":12.840388424609564,"_step":7,"Inner Iterations":544,"_timestamp":1.7555324232349744e+09,"Execution Time":42.457265853881836,"rate_of_convergence":"superlinear","derivative_method":"backward","_wandb":{"runtime":42},"_runtime":42.6655065,"perturbation":0.01,"Norm Gradient":227.34895943307535}