{"perturbation":0.0001,"Inner Iterations":1,"Execution Time":20.038095474243164,"Backtracking Step Size":0.25,"_step":125,"Norm Gradient":0.2908525703155166,"_wandb":{"runtime":20},"_runtime":20.13060875,"Adaptive Tolerance":0.1454262851577583,"rate_of_convergence":"superlinear","derivative_method":"adaptive_forward","_timestamp":1.756036552383059e+09}