{"Inner Iterations":1,"Adaptive Tolerance":6.444009233141884,"_wandb":{"runtime":80},"Norm Gradient":12.888018466283768,"rate_of_convergence":"superlinear","Backtracking Step Size":7.105427357601002e-15,"derivative_method":"adaptive_forward","Execution Time":79.63536143302917,"_runtime":80.230152083,"perturbation":0.01,"_step":212,"_timestamp":1.756025015374082e+09}