{"Execution Time":348.7862169742584,"_wandb":{"runtime":365},"_runtime":365.073839916,"Backtracking Step Size":1,"derivative_method":"adaptive_forward","_timestamp":1.755883178349531e+09,"Inner Iterations":1,"Adaptive Tolerance":77.413452581837,"perturbation":0.0001,"rate_of_convergence":"quadratic","_step":3,"Norm Gradient":154.826905163674}