{"perturbation":1e-06,"Adaptive Tolerance":68.06404685647671,"Inner Iterations":1,"Execution Time":20.09842300415039,"_runtime":20.181128459,"derivative_method":"central","_timestamp":1.756037205178179e+09,"Backtracking Step Size":1,"_step":46,"_wandb":{"runtime":20},"Norm Gradient":136.12809371295342,"rate_of_convergence":"superlinear"}