{"_timestamp":1.75563542868073e+09,"Backtracking Step Size":1,"Norm Gradient":4.826340000013386e-05,"Adaptive Tolerance":2.329355779572921e-09,"_wandb":{"runtime":22},"_runtime":22.0147265,"rate_of_convergence":"quadratic","perturbation":0.01,"_step":13,"Execution Time":21.87845778465271,"Inner Iterations":100,"derivative_method":"backward"}