{"perturbation":0.01,"preconditioner":"no","derivative_method":"central","Backtracking Step Size":1,"Inner Iterations":0,"_step":20,"Norm Gradient":1.7050120139416174e-05,"Execution Time":7.7682414054870605,"_timestamp":1.7554521026481652e+09,"_wandb":{"runtime":7},"_runtime":7.851330791}