{"_wandb":{"runtime":2},"Inner Iterations":8,"Norm Gradient":1.2767218663149448e-05,"rate_of_convergence":"superlinear","Execution Time":2.348177909851074,"Adaptive Tolerance":4.561886174971951e-08,"_runtime":2.426442292,"_step":10,"perturbation":0.0001,"Backtracking Step Size":1,"derivative_method":"adaptive_forward","_timestamp":1.7560502494424791e+09}