{"_runtime":20.291670083,"perturbation":1e-06,"preconditioner":"yes","Inner Iterations":0,"_timestamp":1.7554509817980669e+09,"Execution Time":20.195361137390137,"Backtracking Step Size":1.1641532182693481e-10,"_wandb":{"runtime":20},"_step":51,"Norm Gradient":0.018177368952488553,"derivative_method":"backward"}