{"rate_of_convergence":"quadratic","Inner Iterations":6,"derivative_method":"backward","_step":103,"_timestamp":1.7556276158085911e+09,"Norm Gradient":0.12386706093110154,"perturbation":1e-12,"_wandb":{"runtime":20},"_runtime":20.282116375,"Adaptive Tolerance":0.015343048783709222,"Backtracking Step Size":1,"Execution Time":20.190319061279297}