{"Adaptive Tolerance":78.99831493502137,"_wandb":{"runtime":355},"derivative_method":"backward","rate_of_convergence":"superlinear","_runtime":355.357203792,"Norm Gradient":157.99662987004274,"_step":3,"Execution Time":340.7038300037384,"Backtracking Step Size":1,"perturbation":0.0001,"_timestamp":1.755776186615158e+09,"Inner Iterations":2}