{"derivative_method":"forward","_step":309,"preconditioner":"no","Execution Time":10.022572755813599,"Inner Iterations":0,"_runtime":10.3451373,"perturbation":"exact","_wandb":{"runtime":10},"Backtracking Step Size":8.881784197001252e-16,"_timestamp":1.7554400244197764e+09,"Norm Gradient":1.0900371081171552}