{"Inner Iterations":1000,"Norm Gradient":102.11931086856517,"perturbation":"exact","Backtracking Step Size":0.00390625,"derivative_method":"exact","Adaptive Tolerance":171.53361297991356,"_wandb":{"runtime":84},"_step":9,"rate_of_convergence":"superlinear","_runtime":84.3328834,"Execution Time":84.10513353347778,"_timestamp":1.7555335171916337e+09}