{"Iteration":19,"Norm Gradient":0.0043314730706190754,"_timestamp":1.7553593361750023e+09,"_wandb":{"runtime":0},"_runtime":0,"_step":19}