{"preconditioner":"yes","Inner Iterations":0,"Execution Time":81.95668816566467,"Backtracking Step Size":1.7763568394002505e-15,"_step":19,"derivative_method":"central","Norm Gradient":0.06548904090408822,"perturbation":0.01,"_wandb":{"runtime":82},"_runtime":82.20379875,"_timestamp":1.7567237899809139e+09}