{"preconditioner":"no","Norm Gradient":3.333231487482098e-05,"_wandb":{"runtime":61},"_runtime":61.034350666,"Inner Iterations":0,"Backtracking Step Size":1,"_timestamp":1.7555569759051259e+09,"_step":14,"derivative_method":"forward","perturbation":1e-06,"Execution Time":60.89339804649353}