{"Backtracking Step Size":8.881784197001252e-16,"preconditioner":"no","derivative_method":"adaptive_backward","_runtime":81.176343125,"Inner Iterations":0,"_step":29,"Norm Gradient":0.0006761052908286076,"_wandb":{"runtime":81},"perturbation":"exact","_timestamp":1.755556124784365e+09,"Execution Time":80.99771738052368}