{"_wandb":{"runtime":81},"Norm Gradient":0.06548904090408822,"Execution Time":81.37802505493164,"_runtime":81.635377208,"perturbation":0.01,"_timestamp":1.756726591469561e+09,"Inner Iterations":0,"preconditioner":"no","Backtracking Step Size":1.7763568394002505e-15,"derivative_method":"central","_step":19}