{"perturbation":0.01,"Execution Time":9.309984683990479,"_step":19,"preconditioner":"yes","_runtime":9.401143208,"Inner Iterations":0,"_wandb":{"runtime":9},"_timestamp":1.756318761266444e+09,"Backtracking Step Size":1,"Norm Gradient":0.00019094920334369027,"derivative_method":"adaptive_central"}