{"perturbation":1e-08,"Adaptive Tolerance":518.9232669057509,"_wandb":{"runtime":79},"rate_of_convergence":"superlinear","Inner Iterations":25,"derivative_method":"forward","_runtime":79.930112667,"Execution Time":79.80668234825134,"_timestamp":1.756026575484082e+09,"Backtracking Step Size":8.881784197001252e-16,"_step":12,"Norm Gradient":1037.8465338115018}