{"Norm Gradient":6.25658365986163e-05,"derivative_method":"exact","Adaptive Tolerance":4.948868159854562e-07,"_runtime":21.937442542,"perturbation":"exact","_wandb":{"runtime":21},"_step":13,"Backtracking Step Size":1,"Execution Time":21.67897057533264,"_timestamp":1.755773346819744e+09,"rate_of_convergence":"superlinear","Inner Iterations":6}