{"perturbation":0.0001,"_wandb":{"runtime":328},"Inner Iterations":13,"Execution Time":321.0508852005005,"_step":2,"rate_of_convergence":"quadratic","derivative_method":"adaptive_central","Backtracking Step Size":1,"Norm Gradient":0.058349871236913105,"_timestamp":1.7557027297445629e+09,"_runtime":328.538450875,"Adaptive Tolerance":0.0034047074733643394}