{"_runtime":81.378051708,"Norm Gradient":1362.9851583146067,"derivative_method":"forward","Backtracking Step Size":1,"Execution Time":81.19227576255798,"_timestamp":1.756740039647574e+09,"Inner Iterations":31,"_step":6,"_wandb":{"runtime":81},"preconditioner":"no","perturbation":1e-12}