{"perturbation":1e-06,"_step":10,"_wandb":{"runtime":2},"Inner Iterations":0,"Norm Gradient":3.263205093915404e-05,"_timestamp":1.7567478950730722e+09,"preconditioner":"no","derivative_method":"forward","Execution Time":2.581146717071533,"Backtracking Step Size":1,"_runtime":2.688300875}