{"preconditioner":"yes","Inner Iterations":0,"Execution Time":80.630774974823,"Backtracking Step Size":5.684341886080802e-14,"perturbation":1e-06,"derivative_method":"adaptive_backward","Norm Gradient":3.4530585721772526e-05,"_step":26,"_wandb":{"runtime":80},"_runtime":80.916058333,"_timestamp":1.756722043691911e+09}