{"Execution Time":342.9285581111908,"Backtracking Step Size":1,"Adaptive Tolerance":79.0451853167743,"_timestamp":1.7557765461220338e+09,"Inner Iterations":2,"perturbation":1e-06,"derivative_method":"backward","rate_of_convergence":"superlinear","_wandb":{"runtime":357},"_step":3,"Norm Gradient":158.0903706335486,"_runtime":357.808621084}