{"perturbation":0.01,"Backtracking Step Size":1,"Inner Iterations":68,"Execution Time":20.0819251537323,"Norm Gradient":26.774028666515115,"rate_of_convergence":"quadratic","_wandb":{"runtime":20},"_runtime":20.151795959,"_timestamp":1.756037784391881e+09,"Adaptive Tolerance":13.387014333257557,"_step":24,"derivative_method":"backward"}