{"_runtime":334.47210825,"derivative_method":"central","Inner Iterations":1,"_wandb":{"runtime":334},"perturbation":1e-12,"Adaptive Tolerance":0.3152520456450117,"_step":6,"rate_of_convergence":"quadratic","Backtracking Step Size":1,"Norm Gradient":0.6305040912900234,"Execution Time":327.1218843460083,"_timestamp":1.755709923317684e+09}