{"Norm Gradient":0.005469135561084295,"Execution Time":41.17594242095947,"perturbation":0.0001,"preconditioner":"no","derivative_method":"adaptive_central","_timestamp":1.75673928753657e+09,"Inner Iterations":0,"_runtime":41.348804042,"Backtracking Step Size":1,"_step":20,"_wandb":{"runtime":41}}