{"preconditioner":"no","Inner Iterations":0,"_wandb":{"runtime":8},"derivative_method":"central","_step":22,"Backtracking Step Size":1,"perturbation":1e-06,"_runtime":8.584178333,"Norm Gradient":1.2093048031502259e-05,"_timestamp":1.7554521234133198e+09,"Execution Time":8.509073734283447}