{"preconditioner":"yes","Backtracking Step Size":1,"_wandb":{"runtime":83},"_timestamp":1.756724150481847e+09,"Execution Time":83.59547591209412,"derivative_method":"central","_step":17,"Inner Iterations":0,"Norm Gradient":2911.5196920926765,"perturbation":1e-12,"_runtime":83.856134917}