{"_step":20,"Norm Gradient":5.39171500579057e-05,"_wandb":{"runtime":71},"Inner Iterations":0,"_timestamp":1.7555175883778188e+09,"_runtime":71.903228791,"perturbation":0.01,"preconditioner":"yes","Backtracking Step Size":1,"derivative_method":"central","Execution Time":71.75330901145935}