{"Adaptive Tolerance":1.1294906991680465,"_runtime":20.4282297,"rate_of_convergence":"quadratic","_wandb":{"runtime":20},"Norm Gradient":29.496825917803502,"Execution Time":20.181406021118164,"Inner Iterations":2,"derivative_method":"exact","Backtracking Step Size":1,"_step":50,"perturbation":"exact","_timestamp":1.7555361091992311e+09}