{"_wandb":{"runtime":20},"rate_of_convergence":"superlinear","Backtracking Step Size":0.00390625,"Inner Iterations":3,"Adaptive Tolerance":17.505027515108758,"_runtime":20.1256205,"Norm Gradient":35.010055030217515,"_step":66,"perturbation":1e-12,"Execution Time":20.047125577926636,"derivative_method":"adaptive_central","_timestamp":1.756036900155534e+09}