{"Adaptive Tolerance":220.13753355938223,"perturbation":1e-10,"Backtracking Step Size":0.00390625,"_wandb":{"runtime":310},"_timestamp":1.7559807717931452e+09,"Execution Time":307.39431166648865,"_step":19,"_runtime":310.520815208,"Inner Iterations":0,"Norm Gradient":440.27506711876447,"rate_of_convergence":"quadratic","derivative_method":"backward"}