{"_runtime":20.209218167,"Norm Gradient":7.338967493436155,"perturbation":1e-12,"_step":94,"derivative_method":"backward","Backtracking Step Size":1,"preconditioner":"no","Execution Time":20.091819524765015,"_wandb":{"runtime":20},"Inner Iterations":0,"_timestamp":1.756745788301089e+09}