{"derivative_method":"central","_timestamp":1.75555533863468e+09,"Backtracking Step Size":1,"preconditioner":"yes","Inner Iterations":0,"Execution Time":50.033339977264404,"_step":10,"_wandb":{"runtime":50},"_runtime":50.182216625,"Norm Gradient":1.2392138787595194e-05,"perturbation":0.01}