{"derivative_method":"forward","_wandb":{"runtime":8},"preconditioner":"no","Inner Iterations":0,"perturbation":0.01,"_step":26,"_timestamp":1.755450540718592e+09,"_runtime":8.284393958,"Norm Gradient":1.6217337140441323e-06,"Backtracking Step Size":1,"Execution Time":8.207200288772583}