{"_step":17,"Execution Time":83.4913432598114,"preconditioner":"no","derivative_method":"central","Norm Gradient":2911.5196920926765,"Inner Iterations":0,"Backtracking Step Size":1,"_runtime":83.738551041,"_timestamp":1.756726946742198e+09,"perturbation":1e-12,"_wandb":{"runtime":83}}