{"Norm Gradient":0.012616617427319914,"_timestamp":1.755577452212491e+09,"preconditioner":"no","Backtracking Step Size":1.1368683772161603e-13,"_runtime":81.435082917,"perturbation":0.0001,"_wandb":{"runtime":81},"Inner Iterations":0,"Execution Time":81.21625423431396,"derivative_method":"backward","_step":23}