{"Inner Iterations":0,"_step":42,"Norm Gradient":1693.5372593049406,"_runtime":20.614882958,"preconditioner":"yes","perturbation":1e-12,"derivative_method":"central","Backtracking Step Size":1,"_timestamp":1.7556142729684658e+09,"Execution Time":20.25424861907959,"_wandb":{"runtime":20}}