{"Inner Iterations":1,"rate_of_convergence":"quadratic","Backtracking Step Size":1,"_step":110,"Adaptive Tolerance":0.32726236119736374,"perturbation":1e-12,"_runtime":20.170113084,"Norm Gradient":0.6545247223947275,"Execution Time":20.078355312347412,"derivative_method":"adaptive_backward","_timestamp":1.7560375219378529e+09,"_wandb":{"runtime":20}}