{"Norm Gradient":154.75850657876518,"perturbation":1e-06,"rate_of_convergence":"superlinear","derivative_method":"adaptive_backward","Backtracking Step Size":1,"Inner Iterations":2,"Adaptive Tolerance":77.37925328938259,"Execution Time":342.7213954925537,"_step":3,"_timestamp":1.755769863653522e+09,"_wandb":{"runtime":357},"_runtime":357.979436833}