{"derivative_method":"adaptive_forward","perturbation":0.0001,"Backtracking Step Size":1,"_step":10,"Adaptive Tolerance":1.4773890549854223e-10,"_runtime":3.165450166,"_timestamp":1.756050870931193e+09,"Execution Time":3.0917580127716064,"Norm Gradient":1.2154789405766857e-05,"rate_of_convergence":"quadratic","Inner Iterations":15,"_wandb":{"runtime":3}}