{"perturbation":0.01,"derivative_method":"adaptive_central","_timestamp":1.755702399228894e+09,"_runtime":325.907746167,"Norm Gradient":0.00594622948411472,"rate_of_convergence":"quadratic","Inner Iterations":2,"_step":4,"_wandb":{"runtime":325},"Execution Time":318.54418754577637,"Backtracking Step Size":1,"Adaptive Tolerance":3.5357645077755204e-05}