{"derivative_method":"forward","Norm Gradient":1.7234999686971275,"preconditioner":"yes","_runtime":11.6140126,"Execution Time":10.115311622619629,"_step":60,"_wandb":{"runtime":11},"Backtracking Step Size":8.881784197001252e-16,"Inner Iterations":0,"perturbation":0.01,"_timestamp":1.7554409344442537e+09}