{"Norm Gradient":1693.5372593049406,"preconditioner":"yes","_wandb":{"runtime":20},"Backtracking Step Size":1,"perturbation":1e-12,"derivative_method":"central","Execution Time":20.601244688034058,"_timestamp":1.755451154061963e+09,"Inner Iterations":29,"_runtime":20.691692833,"_step":43}