{"derivative_method":"central","_runtime":5.265719208,"_step":13,"_timestamp":1.755624269693502e+09,"Inner Iterations":6,"_wandb":{"runtime":5},"rate_of_convergence":"superlinear","Execution Time":5.199328184127808,"Adaptive Tolerance":1.9416619598502251e-07,"perturbation":0.0001,"Backtracking Step Size":1,"Norm Gradient":3.353119887406756e-05}