{"Backtracking Step Size":1,"Execution Time":39.94375276565552,"_runtime":40.119538958,"perturbation":0.01,"Norm Gradient":5.391668583881752e-05,"_wandb":{"runtime":40},"_step":20,"Inner Iterations":0,"derivative_method":"central","_timestamp":1.7567406157962399e+09,"preconditioner":"no"}