{"_runtime":79.985256834,"Backtracking Step Size":0.00390625,"Inner Iterations":4,"Execution Time":79.84783244132996,"Norm Gradient":180.10750928786834,"_wandb":{"runtime":79},"rate_of_convergence":"superlinear","derivative_method":"central","_timestamp":1.756027517646842e+09,"perturbation":1e-12,"_step":133,"Adaptive Tolerance":90.05375464393417}