{"Execution Time":308.91590118408203,"_step":7,"perturbation":0.01,"Inner Iterations":54,"rate_of_convergence":"superlinear","_wandb":{"runtime":312},"derivative_method":"forward","_timestamp":1.755964840001269e+09,"Backtracking Step Size":1,"Adaptive Tolerance":143.48996338460037,"_runtime":312.013345375,"Norm Gradient":286.97992676920074}