{"Execution Time":20.324201107025146,"_step":38,"perturbation":0.0001,"_runtime":20.428641042,"derivative_method":"backward","Backtracking Step Size":1.1368683772161603e-13,"_timestamp":1.755549216884083e+09,"_wandb":{"runtime":20},"Norm Gradient":0.003992930304079053,"preconditioner":"yes","Inner Iterations":0}