{"Norm Gradient":1.1528178904310785e-05,"_step":11,"_timestamp":1.7555468816002839e+09,"preconditioner":"no","Inner Iterations":0,"_wandb":{"runtime":6},"Backtracking Step Size":1,"perturbation":1e-06,"_runtime":6.600703042,"derivative_method":"central","Execution Time":6.517248868942261}