{"perturbation":1e-12,"Inner Iterations":2,"_runtime":20.7866549,"_step":31,"Execution Time":20.515614986419678,"rate_of_convergence":"superlinear","_timestamp":1.7555330868134243e+09,"_wandb":{"runtime":20},"Adaptive Tolerance":19.054482936579316,"Backtracking Step Size":1,"derivative_method":"central","Norm Gradient":38.28951766307254}