{"Execution Time":20.49984335899353,"Inner Iterations":14,"_wandb":{"runtime":20},"Adaptive Tolerance":5.091362994937506e-06,"_timestamp":1.7556245119458969e+09,"_runtime":20.580995,"derivative_method":"adaptive_backward","perturbation":0.01,"_step":37,"Backtracking Step Size":8.881784197001252e-16,"Norm Gradient":0.002256404882758745,"rate_of_convergence":"quadratic"}