{"_runtime":9.678390125,"Execution Time":9.587266206741333,"Inner Iterations":0,"_wandb":{"runtime":9},"derivative_method":"central","Norm Gradient":1.7050107904736183e-05,"preconditioner":"yes","_step":20,"Backtracking Step Size":1,"perturbation":0.01,"_timestamp":1.755613359268509e+09}