{"_runtime":81.917410542,"perturbation":1e-06,"Backtracking Step Size":0.00048828125,"Inner Iterations":100,"Norm Gradient":2.235218088664356,"rate_of_convergence":"superlinear","derivative_method":"forward","_wandb":{"runtime":81},"Adaptive Tolerance":1.117609044332178,"Execution Time":81.78852772712708,"_timestamp":1.755632719615289e+09,"_step":9}