{"derivative_method":"central","_wandb":{"runtime":20},"Norm Gradient":19.737737744676554,"Inner Iterations":0,"perturbation":1e-08,"_step":51,"preconditioner":"no","Execution Time":20.022615671157837,"_runtime":20.127681666,"Backtracking Step Size":1,"_timestamp":1.756319790568046e+09}