{"Execution Time":168.51314425468445,"_runtime":168.7599232,"perturbation":"exact","derivative_method":"exact","Backtracking Step Size":1,"_wandb":{"runtime":168},"_timestamp":1.7555341872561252e+09,"rate_of_convergence":"superlinear","Inner Iterations":1000,"Adaptive Tolerance":14.431969713767742,"_step":2,"Norm Gradient":198.2790552829271}