{"Backtracking Step Size":1,"Norm Gradient":0.00043985112991424413,"_step":100,"Adaptive Tolerance":1.9346901648683727e-07,"Inner Iterations":4,"_timestamp":1.7560378282143161e+09,"_runtime":20.131097542,"_wandb":{"runtime":20},"perturbation":1e-06,"derivative_method":"backward","Execution Time":20.05570340156555,"rate_of_convergence":"quadratic"}