{"_runtime":20.183108708,"_step":49,"derivative_method":"adaptive_backward","_timestamp":1.755612921354177e+09,"preconditioner":"yes","Norm Gradient":0.004967338353512117,"perturbation":"exact","Inner Iterations":0,"_wandb":{"runtime":20},"Execution Time":20.097845315933228,"Backtracking Step Size":1.4551915228366852e-11}