{"_runtime":20.247427375,"derivative_method":"forward","Backtracking Step Size":1,"_timestamp":1.7554519346851358e+09,"Inner Iterations":0,"perturbation":1e-10,"preconditioner":"no","Norm Gradient":829.5066922100939,"_wandb":{"runtime":20},"Execution Time":20.15938401222229,"_step":62}