{"Inner Iterations":2,"_runtime":20.162965541,"derivative_method":"forward","Backtracking Step Size":1.7763568394002505e-15,"rate_of_convergence":"superlinear","_timestamp":1.756036924031649e+09,"_wandb":{"runtime":20},"perturbation":0.01,"Adaptive Tolerance":0.2592247737692045,"Norm Gradient":0.518449547538409,"Execution Time":20.068933963775635,"_step":92}