{"Backtracking Step Size":1,"_timestamp":1.756319530379194e+09,"derivative_method":"forward","perturbation":0.0001,"preconditioner":"no","_runtime":6.499293959,"Execution Time":6.404673337936401,"_wandb":{"runtime":6},"Inner Iterations":0,"_step":21,"Norm Gradient":3.231680301762449e-05}