{"Backtracking Step Size":8.881784197001252e-16,"_runtime":20.410344208,"Norm Gradient":175.27469721703608,"derivative_method":"adaptive_backward","Execution Time":20.315913438796997,"_timestamp":1.755612875933771e+09,"perturbation":"exact","Inner Iterations":0,"_wandb":{"runtime":20},"preconditioner":"yes","_step":48}