{"Adaptive Tolerance":0.005668844755102412,"_step":98,"_wandb":{"runtime":20},"derivative_method":"adaptive_forward","Norm Gradient":0.03179286816366578,"perturbation":1e-12,"_timestamp":1.756050319630636e+09,"rate_of_convergence":"superlinear","Execution Time":20.099499225616455,"Inner Iterations":1,"Backtracking Step Size":1,"_runtime":20.189008958}