{"Norm Gradient":0.30395432843745523,"Adaptive Tolerance":0.09238823377586441,"_runtime":79.809587084,"Execution Time":79.6589150428772,"_step":190,"Backtracking Step Size":1,"perturbation":1e-12,"derivative_method":"forward","_wandb":{"runtime":79},"rate_of_convergence":"quadratic","_timestamp":1.755635404857832e+09,"Inner Iterations":1}