{"_runtime":2.928332584,"perturbation":0.0001,"Inner Iterations":0,"Execution Time":2.81427001953125,"preconditioner":"no","Backtracking Step Size":1,"_timestamp":1.7567442559599638e+09,"Norm Gradient":3.2760233570019796e-05,"derivative_method":"forward","_wandb":{"runtime":2},"_step":21}