{"derivative_method":"adaptive_forward","Adaptive Tolerance":0.016424606124302115,"_wandb":{"runtime":20},"perturbation":1e-12,"Norm Gradient":0.1281585195150994,"Execution Time":20.203160524368286,"_step":110,"Backtracking Step Size":1,"rate_of_convergence":"quadratic","Inner Iterations":4,"_timestamp":1.7556244892350988e+09,"_runtime":20.283751084}