{"derivative_method":"backward","_step":42,"preconditioner":"yes","Backtracking Step Size":1,"Inner Iterations":0,"_timestamp":1.7555461987002282e+09,"Execution Time":20.275437355041504,"perturbation":1e-08,"_wandb":{"runtime":20},"Norm Gradient":6.790225977518038,"_runtime":20.372244042}