{"preconditioner":"no","_wandb":{"runtime":20},"perturbation":0.01,"_step":65,"_timestamp":1.7563193033263319e+09,"Backtracking Step Size":8.881784197001252e-16,"Inner Iterations":0,"Norm Gradient":175.27469741830174,"derivative_method":"adaptive_backward","_runtime":20.231722333,"Execution Time":20.13282871246338}