{"Inner Iterations":1,"perturbation":1e-08,"rate_of_convergence":"superlinear","Norm Gradient":0.03904072059418126,"_wandb":{"runtime":79},"Backtracking Step Size":1,"Adaptive Tolerance":0.007713948544311474,"_runtime":79.891246042,"_step":119,"derivative_method":"adaptive_forward","_timestamp":1.755631550987624e+09,"Execution Time":79.72453260421753}