{"derivative_method":"central","_timestamp":1.75674587236076e+09,"Inner Iterations":0,"_step":58,"Norm Gradient":7.220538986635049,"perturbation":1e-12,"preconditioner":"no","Execution Time":20.292189121246338,"_runtime":20.405819333,"Backtracking Step Size":1,"_wandb":{"runtime":20}}