{"preconditioner":"no","derivative_method":"adaptive_forward","Backtracking Step Size":1,"Norm Gradient":2.2307600439192217e-05,"Execution Time":2.7520856857299805,"_step":20,"Inner Iterations":0,"_timestamp":1.756743957101557e+09,"_runtime":2.858477042,"perturbation":0.0001,"_wandb":{"runtime":2}}