{"_timestamp":1.756036530322755e+09,"Adaptive Tolerance":2.037774871782292,"Norm Gradient":4.075549743564584,"_runtime":20.558112625,"_step":112,"rate_of_convergence":"superlinear","Execution Time":20.091445922851562,"derivative_method":"adaptive_forward","_wandb":{"runtime":20},"Inner Iterations":0,"Backtracking Step Size":7.105427357601002e-15,"perturbation":0.01}