{"_runtime":10.757953625,"preconditioner":"yes","Execution Time":10.663771629333496,"derivative_method":"central","Backtracking Step Size":1,"_step":22,"perturbation":1e-06,"Norm Gradient":0.00024617738634395513,"Inner Iterations":0,"_wandb":{"runtime":10},"_timestamp":1.75631912157127e+09}