{"Inner Iterations":0,"derivative_method":"forward","_wandb":{"runtime":20},"_step":58,"Backtracking Step Size":1,"Norm Gradient":41.30321139215904,"Execution Time":20.05691623687744,"_timestamp":1.756319561668262e+09,"_runtime":20.153585083,"perturbation":1e-08,"preconditioner":"no"}