{"_timestamp":1.755691133867077e+09,"derivative_method":"adaptive_central","Execution Time":315.84817004203796,"Inner Iterations":5,"Backtracking Step Size":1,"Norm Gradient":0.01906267054359942,"perturbation":0.0001,"_runtime":323.240623042,"rate_of_convergence":"superlinear","_step":4,"_wandb":{"runtime":323},"Adaptive Tolerance":0.002631937749623613}