{"Norm Gradient":0.770772629331339,"_timestamp":1.7553593497757275e+09,"_step":365,"Iteration":365,"_wandb":{"runtime":11},"_runtime":11}