{"Inner Iterations":0,"_timestamp":1.7555492610826151e+09,"perturbation":1e-08,"_wandb":{"runtime":20},"_runtime":20.479318458,"Backtracking Step Size":1,"Execution Time":20.396350145339966,"_step":38,"Norm Gradient":829.385171599459,"derivative_method":"backward","preconditioner":"yes"}