{"Norm Gradient":0.5822839780293518,"Backtracking Step Size":4.547473508864641e-13,"perturbation":0.0001,"Adaptive Tolerance":0.2911419890146759,"Execution Time":20.05398416519165,"_wandb":{"runtime":20},"derivative_method":"backward","rate_of_convergence":"quadratic","_step":115,"_runtime":20.143548292,"Inner Iterations":2,"_timestamp":1.756037806218598e+09}