{"Adaptive Tolerance":181.09497091859558,"_wandb":{"runtime":312},"Execution Time":309.11393308639526,"perturbation":0.0001,"_runtime":312.180693375,"Backtracking Step Size":1,"_timestamp":1.755967083038275e+09,"derivative_method":"backward","Inner Iterations":0,"_step":19,"rate_of_convergence":"superlinear","Norm Gradient":362.18994183719116}