{"preconditioner":"no","Backtracking Step Size":1,"Execution Time":5.003802537918091,"_timestamp":1.756748123159915e+09,"derivative_method":"central","_runtime":5.111562459,"Norm Gradient":1.2217265634527534e-05,"_step":11,"perturbation":0.0001,"Inner Iterations":0,"_wandb":{"runtime":5}}