{"_timestamp":1.7555204801837099e+09,"perturbation":1e-08,"_wandb":{"runtime":102},"_step":6,"Inner Iterations":15,"Norm Gradient":7899.98170337645,"_runtime":102.482770208,"Backtracking Step Size":1,"preconditioner":"no","derivative_method":"backward","Execution Time":102.33399152755737}