{"Execution Time":20.227328777313232,"Norm Gradient":1.824821876084651,"perturbation":0.0001,"derivative_method":"adaptive_backward","preconditioner":"yes","Inner Iterations":0,"_step":51,"Backtracking Step Size":3.552713678800501e-15,"_timestamp":1.756318661803682e+09,"_wandb":{"runtime":20},"_runtime":20.332324417}