{"_runtime":8.267046667,"rate_of_convergence":"quadratic","_step":13,"Inner Iterations":100,"Execution Time":8.175338745117188,"Backtracking Step Size":1,"_wandb":{"runtime":8},"Adaptive Tolerance":5.325202653251705e-10,"_timestamp":1.755627385816252e+09,"derivative_method":"forward","Norm Gradient":2.3076400614592617e-05,"perturbation":0.0001}