{"Inner Iterations":0,"derivative_method":"forward","Backtracking Step Size":1,"_timestamp":1.755554512828269e+09,"_step":9,"_wandb":{"runtime":37},"_runtime":37.158036625,"Norm Gradient":3.786367105566264e-05,"perturbation":0.0001,"Execution Time":37.02060651779175,"preconditioner":"yes"}