{"Norm Gradient":547.6358661282998,"perturbation":1e-08,"Backtracking Step Size":1,"_timestamp":1.75674815160414e+09,"derivative_method":"central","_wandb":{"runtime":20},"Execution Time":20.040374517440796,"_step":47,"_runtime":20.155247458,"preconditioner":"no","Inner Iterations":0}