{"perturbation":0.01,"Backtracking Step Size":8.881784197001252e-16,"Norm Gradient":1.7234999898149763,"_step":83,"_runtime":10.2437938,"Inner Iterations":0,"preconditioner":"no","Execution Time":10.041364908218384,"_wandb":{"runtime":10},"derivative_method":"forward","_timestamp":1.755443128943861e+09}