{"perturbation":0.0001,"_wandb":{"runtime":4},"Backtracking Step Size":1,"Execution Time":4.355726957321167,"derivative_method":"central","Norm Gradient":0.0012986775054408793,"_step":20,"_runtime":4.462077333,"_timestamp":1.756744472557794e+09,"preconditioner":"no","Inner Iterations":0}