{"_runtime":79.949955875,"Norm Gradient":0.7281607154333958,"_step":208,"_wandb":{"runtime":79},"Execution Time":79.79719638824463,"Adaptive Tolerance":0.3640803577166979,"perturbation":0.0001,"Backtracking Step Size":3.552713678800501e-15,"Inner Iterations":0,"rate_of_convergence":"superlinear","derivative_method":"backward","_timestamp":1.75602682394142e+09}