{"Backtracking Step Size":7.105427357601002e-15,"_timestamp":1.756747868674665e+09,"_wandb":{"runtime":20},"perturbation":0.01,"Execution Time":20.18211269378662,"_runtime":20.312589583,"Norm Gradient":0.23349425827649958,"_step":85,"preconditioner":"no","derivative_method":"forward","Inner Iterations":0}