{"rate_of_convergence":"quadratic","perturbation":1e-12,"Inner Iterations":2,"_step":120,"Adaptive Tolerance":0.0003110364822182838,"derivative_method":"backward","Norm Gradient":0.017636226416619962,"Execution Time":20.06486487388611,"_wandb":{"runtime":20},"_runtime":20.169267667,"_timestamp":1.756051398562639e+09,"Backtracking Step Size":1}