{"derivative_method":"adaptive_backward","Inner Iterations":0,"preconditioner":"no","_timestamp":1.756744049060388e+09,"_step":160,"Execution Time":20.041545867919922,"_wandb":{"runtime":20},"_runtime":20.181072583,"perturbation":0.01,"Backtracking Step Size":8.881784197001252e-16,"Norm Gradient":175.2746972146239}