{"_step":20,"perturbation":0.0001,"_timestamp":1.7555176623664682e+09,"Backtracking Step Size":1,"Execution Time":72.1112072467804,"Inner Iterations":0,"Norm Gradient":0.005635422136636801,"derivative_method":"central","_wandb":{"runtime":72},"_runtime":72.250570333,"preconditioner":"yes"}