{"Backtracking Step Size":3.637978807091713e-12,"rate_of_convergence":"superlinear","Adaptive Tolerance":0.0016473495381789628,"derivative_method":"adaptive_central","_step":57,"_runtime":20.19149025,"perturbation":0.01,"_timestamp":1.756050473987417e+09,"Execution Time":20.104135274887085,"Inner Iterations":0,"_wandb":{"runtime":20},"Norm Gradient":0.013948382200313773}