{"Backtracking Step Size":6.103515625e-05,"perturbation":1e-08,"derivative_method":"adaptive_backward","Adaptive Tolerance":66.88202746462584,"_wandb":{"runtime":20},"_runtime":20.161928625,"Norm Gradient":133.76405492925167,"Execution Time":20.092294931411743,"Inner Iterations":96,"_timestamp":1.756036727694738e+09,"rate_of_convergence":"superlinear","_step":11}