{"Inner Iterations":0,"_timestamp":1.7563191091253881e+09,"derivative_method":"central","Norm Gradient":0.00136206595486857,"_step":20,"_runtime":9.995100417,"_wandb":{"runtime":9},"Backtracking Step Size":1,"perturbation":0.0001,"preconditioner":"yes","Execution Time":9.90198826789856}