{"Adaptive Tolerance":0.01559234802506432,"derivative_method":"adaptive_backward","_wandb":{"runtime":320},"_timestamp":1.755689209904311e+09,"rate_of_convergence":"superlinear","Execution Time":315.03291511535645,"perturbation":0.0001,"Inner Iterations":46,"Backtracking Step Size":1,"_step":2,"_runtime":320.670134875,"Norm Gradient":0.06241289771255175}