{"perturbation":1e-12,"Inner Iterations":7,"_step":69,"derivative_method":"forward","_wandb":{"runtime":80},"rate_of_convergence":"superlinear","Execution Time":80.14244532585144,"_timestamp":1.756041747255368e+09,"_runtime":80.360012375,"Adaptive Tolerance":0.020994160687776837,"Norm Gradient":0.0761025153373096,"Backtracking Step Size":1}