{"Execution Time":20.043640613555908,"_wandb":{"runtime":20},"_runtime":20.205518792,"Backtracking Step Size":7.275957614183426e-12,"Inner Iterations":0,"Norm Gradient":0.0009145295163199397,"preconditioner":"no","derivative_method":"adaptive_backward","perturbation":1e-06,"_step":161,"_timestamp":1.7567440928094e+09}