{"_step":7,"Adaptive Tolerance":2.4820535359357245e-06,"_runtime":1.8293658750000001,"rate_of_convergence":"quadratic","Backtracking Step Size":1,"Norm Gradient":0.0015754534381998487,"derivative_method":"adaptive_forward","Execution Time":1.7489433288574219,"perturbation":0.01,"_timestamp":1.75605086582084e+09,"_wandb":{"runtime":1},"Inner Iterations":9}