{"_runtime":80.000300333,"derivative_method":"adaptive_backward","rate_of_convergence":"superlinear","Norm Gradient":0.9490335092250225,"_wandb":{"runtime":80},"Execution Time":79.8541750907898,"Inner Iterations":2,"_timestamp":1.7560255086285481e+09,"Adaptive Tolerance":0.47451675461251125,"perturbation":0.0001,"_step":168,"Backtracking Step Size":1.1368683772161603e-13}