{"Execution Time":20.25582003593445,"_runtime":20.346487042,"Inner Iterations":0,"_step":35,"_wandb":{"runtime":20},"Backtracking Step Size":1.7763568394002505e-15,"_timestamp":1.755550064575489e+09,"derivative_method":"central","perturbation":0.01,"preconditioner":"no","Norm Gradient":0.02067537307862254}