{"_runtime":24.344586833,"preconditioner":"no","Execution Time":24.196162700653076,"derivative_method":"forward","_wandb":{"runtime":24},"Norm Gradient":1.6240162340266457e-05,"_timestamp":1.75555688208691e+09,"perturbation":0.01,"Inner Iterations":0,"_step":8,"Backtracking Step Size":1}