{"Execution Time":20.077646255493164,"Inner Iterations":2,"_step":73,"Adaptive Tolerance":0.011175117249372752,"Norm Gradient":0.10571242712837858,"_timestamp":1.756051076931454e+09,"rate_of_convergence":"quadratic","_runtime":20.162936208,"Backtracking Step Size":1,"perturbation":1e-12,"derivative_method":"adaptive_backward","_wandb":{"runtime":20}}