{"Execution Time":20.017780780792236,"derivative_method":"exact","Backtracking Step Size":1.4551915228366852e-11,"_step":53,"Norm Gradient":0.004967338351338893,"Inner Iterations":0,"_wandb":{"runtime":20},"_timestamp":1.755451324422621e+09,"_runtime":20.110335958,"preconditioner":"yes","perturbation":"exact"}