{"_timestamp":1.75672328810967e+09,"derivative_method":"backward","Norm Gradient":8.861687346846832,"perturbation":0.01,"Inner Iterations":0,"Backtracking Step Size":8.881784197001252e-16,"_step":27,"_runtime":80.267773625,"Execution Time":80.02448582649231,"_wandb":{"runtime":80},"preconditioner":"yes"}