{"_timestamp":1.7554396900034897e+09,"preconditioner":"no","Backtracking Step Size":8.881784197001252e-16,"derivative_method":"exact","Inner Iterations":0,"Norm Gradient":1.0900371081171552,"Execution Time":10.000780582427979,"_runtime":10.8263516,"_step":182,"perturbation":"exact","_wandb":{"runtime":10}}