{"Norm Gradient":2797.798931819148,"_wandb":{"runtime":318},"Execution Time":314.4274706840515,"perturbation":0.01,"Adaptive Tolerance":1398.899465909574,"rate_of_convergence":"superlinear","Inner Iterations":1,"_step":10,"_runtime":318.809729291,"derivative_method":"central","Backtracking Step Size":1,"_timestamp":1.755968519733096e+09}