{"_runtime":0.5269595,"preconditioner":"no","Inner Iterations":0,"_step":19,"_wandb":{"runtime":0},"derivative_method":"exact","Backtracking Step Size":1,"perturbation":"exact","_timestamp":1.7554366351929653e+09,"Execution Time":0.0010013580322265625,"Norm Gradient":0.006125627967404543}