{"derivative_method":"central","Norm Gradient":1.2093048031502259e-05,"perturbation":1e-06,"Execution Time":9.096275091171265,"Backtracking Step Size":1,"preconditioner":"no","Inner Iterations":0,"_step":22,"_timestamp":1.7563197688192499e+09,"_wandb":{"runtime":9},"_runtime":9.204221416}