{"_step":9,"perturbation":0.0001,"preconditioner":"no","Backtracking Step Size":1,"Execution Time":28.551344633102417,"Inner Iterations":0,"derivative_method":"forward","_wandb":{"runtime":28},"_runtime":28.717032916,"Norm Gradient":3.7863517824355396e-05,"_timestamp":1.7555569125428128e+09}