{"_wandb":{"runtime":79},"perturbation":1e-12,"Norm Gradient":180.10750928786834,"rate_of_convergence":"quadratic","_runtime":79.922573791,"Adaptive Tolerance":90.05375464393417,"Execution Time":79.77405714988708,"derivative_method":"central","Inner Iterations":3,"_step":133,"Backtracking Step Size":0.00390625,"_timestamp":1.7560300383619368e+09}