{"_runtime":20.204897667,"preconditioner":"no","_timestamp":1.756319347162451e+09,"perturbation":1e-06,"Backtracking Step Size":3.637978807091713e-12,"Inner Iterations":0,"Norm Gradient":0.0006179191292474021,"derivative_method":"adaptive_backward","_step":66,"_wandb":{"runtime":20},"Execution Time":20.096665382385254}