{"preconditioner":"no","derivative_method":"forward","_timestamp":1.755519776389659e+09,"Backtracking Step Size":1,"_wandb":{"runtime":58},"Execution Time":58.27390909194946,"_runtime":58.417157166,"Inner Iterations":0,"Norm Gradient":8.748122090916829e-05,"_step":21,"perturbation":0.0001}