{"_step":19,"Iteration":19,"Norm Gradient":0.004331473070732295,"_timestamp":1.7554250695356762e+09,"_wandb":{"runtime":0},"_runtime":0}