{"Execution Time":20.09681272506714,"Backtracking Step Size":1,"derivative_method":"adaptive_backward","_step":110,"_runtime":20.191084667,"Norm Gradient":0.6545247223947275,"Inner Iterations":0,"rate_of_convergence":"superlinear","_wandb":{"runtime":20},"Adaptive Tolerance":0.32726236119736374,"_timestamp":1.7560367714287019e+09,"perturbation":1e-12}