{"Inner Iterations":0,"_wandb":{"runtime":20},"_runtime":20.170517834,"Norm Gradient":59.881953215815656,"derivative_method":"adaptive_forward","Execution Time":20.023327350616455,"perturbation":1e-10,"preconditioner":"no","_step":149,"Backtracking Step Size":1,"_timestamp":1.756744005287999e+09}