{"Norm Gradient":1.3101944537416101,"_wandb":{"runtime":20},"perturbation":0.0001,"_step":157,"Inner Iterations":0,"_runtime":20.27794925,"_timestamp":1.756744372212992e+09,"Execution Time":20.118305683135986,"derivative_method":"backward","preconditioner":"no","Backtracking Step Size":5.684341886080802e-14}