{"_wandb":{"runtime":20},"Backtracking Step Size":1,"derivative_method":"adaptive_backward","_timestamp":1.756051011205379e+09,"_step":15,"Norm Gradient":1.2214967828391343e-05,"Adaptive Tolerance":1.4920543904863554e-10,"Execution Time":20.10948419570923,"_runtime":20.193819291,"perturbation":1e-06,"Inner Iterations":63,"rate_of_convergence":"quadratic"}