{"Execution Time":2.654313802719116,"_step":12,"Backtracking Step Size":1,"perturbation":1e-06,"derivative_method":"backward","_runtime":2.760611042,"preconditioner":"no","_timestamp":1.756745722013941e+09,"Inner Iterations":0,"Norm Gradient":1.0818472407780062e-05,"_wandb":{"runtime":2}}