{"_step":19,"derivative_method":"exact","Inner Iterations":1,"Norm Gradient":0.004331473070732295,"Backtracking Step Size":0,"Execution Time":0.0035402774810791016,"_runtime":0.3914953,"preconditioner":"no","_timestamp":1.7554350470105138e+09,"_wandb":{"runtime":0},"perturbation":"exact"}