{"_timestamp":1.755450915112193e+09,"_step":43,"Norm Gradient":399.6005503105089,"Execution Time":20.155095100402832,"perturbation":1e-12,"_wandb":{"runtime":20},"derivative_method":"forward","Backtracking Step Size":1,"_runtime":20.235911583,"Inner Iterations":0,"preconditioner":"yes"}