{"_wandb":{"runtime":49},"_step":11,"Norm Gradient":3.8747490429836214e-05,"Backtracking Step Size":1,"_runtime":49.487183417,"Execution Time":49.209447145462036,"Inner Iterations":0,"preconditioner":"yes","_timestamp":1.7567238411930492e+09,"derivative_method":"central","perturbation":0.0001}