{"_timestamp":1.755624134066974e+09,"_step":58,"Backtracking Step Size":1.7763568394002505e-15,"Execution Time":20.05323600769043,"derivative_method":"backward","_runtime":20.1388905,"Norm Gradient":0.0023681900502946244,"Inner Iterations":7,"_wandb":{"runtime":20},"perturbation":0.01,"Adaptive Tolerance":0.00011524572602203913,"rate_of_convergence":"superlinear"}