{"Execution Time":82.18369817733765,"_runtime":82.408295291,"preconditioner":"no","_timestamp":1.755578045556861e+09,"_wandb":{"runtime":82},"derivative_method":"central","Backtracking Step Size":1,"perturbation":1e-06,"Norm Gradient":0.00013347718271028924,"Inner Iterations":0,"_step":10}