{"Execution Time":355.5424337387085,"Norm Gradient":811.867612801052,"rate_of_convergence":"quadratic","Adaptive Tolerance":405.933806400526,"_step":3,"Inner Iterations":1,"derivative_method":"forward","Backtracking Step Size":1,"_wandb":{"runtime":369},"_runtime":369.939530791,"perturbation":1e-10,"_timestamp":1.755788487384306e+09}