{"Backtracking Step Size":1,"Inner Iterations":2,"derivative_method":"adaptive_backward","rate_of_convergence":"superlinear","Execution Time":20.064420223236084,"_wandb":{"runtime":20},"_step":73,"_runtime":20.148632083,"perturbation":1e-12,"Adaptive Tolerance":0.03437075454329456,"Norm Gradient":0.10571242712837858,"_timestamp":1.756050451795479e+09}