{"Norm Gradient":0.004967338351886501,"_runtime":20.418782208,"Backtracking Step Size":1.4551915228366852e-11,"derivative_method":"adaptive_backward","Execution Time":20.32136058807373,"preconditioner":"yes","_timestamp":1.7563186838535528e+09,"perturbation":1e-06,"Inner Iterations":0,"_wandb":{"runtime":20},"_step":52}