{"_timestamp":1.756029204233723e+09,"_step":79,"perturbation":1e-10,"derivative_method":"forward","_wandb":{"runtime":79},"_runtime":79.924815416,"Backtracking Step Size":0.0078125,"Inner Iterations":81,"Norm Gradient":3.3173896252868196,"Adaptive Tolerance":1.6586948126434098,"Execution Time":79.78010392189026,"rate_of_convergence":"quadratic"}