{"Norm Gradient":19.699803963625545,"preconditioner":"yes","Inner Iterations":0,"perturbation":1e-08,"_timestamp":1.7554511089749591e+09,"_step":43,"derivative_method":"central","_runtime":20.341444917,"_wandb":{"runtime":20},"Execution Time":20.2559175491333,"Backtracking Step Size":1}