{"_wandb":{"runtime":1},"_runtime":1.5132470420000002,"Execution Time":1.4729626178741455,"Backtracking Step Size":1,"Norm Gradient":4.48395328657949e-05,"Inner Iterations":0,"_timestamp":1.755549053879623e+09,"perturbation":"exact","_step":10,"preconditioner":"yes","derivative_method":"exact"}