{"_step":49,"_wandb":{"runtime":20},"derivative_method":"backward","Backtracking Step Size":1,"perturbation":1e-10,"Inner Iterations":0,"Execution Time":20.025909662246704,"_timestamp":1.756319064179599e+09,"_runtime":20.111272167,"Norm Gradient":1078.8354589865326,"preconditioner":"yes"}