{"Inner Iterations":88,"_runtime":80.012938625,"Execution Time":79.88158512115479,"derivative_method":"central","_wandb":{"runtime":80},"Adaptive Tolerance":87.2185389022487,"rate_of_convergence":"superlinear","_step":54,"perturbation":1e-10,"_timestamp":1.756027435945736e+09,"Norm Gradient":174.4370778044974,"Backtracking Step Size":1}