{"_step":20,"Norm Gradient":0.004197271284897903,"_runtime":31.842898625,"Execution Time":31.746633529663086,"Backtracking Step Size":1,"preconditioner":"no","perturbation":"exact","derivative_method":"exact","_wandb":{"runtime":31},"_timestamp":1.7567396278871849e+09,"Inner Iterations":0}