{"Backtracking Step Size":1,"perturbation":0.0001,"derivative_method":"adaptive_central","_timestamp":1.756041163133926e+09,"_step":12,"Adaptive Tolerance":9.433381807232415e-07,"rate_of_convergence":"superlinear","Execution Time":25.030887842178345,"Norm Gradient":9.6185943258514e-05,"_wandb":{"runtime":25},"Inner Iterations":4,"_runtime":25.249757084}