{"perturbation":0.0001,"_step":62,"Backtracking Step Size":1,"_wandb":{"runtime":16},"derivative_method":"central","_timestamp":1.756037934172549e+09,"Execution Time":16.781537294387817,"Inner Iterations":2,"_runtime":16.858977416,"Adaptive Tolerance":3.358403434245395e-07,"Norm Gradient":0.0005795173366039531,"rate_of_convergence":"quadratic"}