{"Inner Iterations":1,"_wandb":{"runtime":23},"derivative_method":"adaptive_forward","Backtracking Step Size":1,"Execution Time":0.28513002395629883,"Adaptive Tolerance":[3.65021489416598,1.2569854473993587,0.34968783546703924,0.17272358304686294,0.33850463411837917,0.13864158160064907,0.03131722792553289,0.011080109599183883,0.001195718132133713,0.0004426832751692462,6.135073741741308e-05,1.720905535611385e-05,1.058712849071369e-05,1.0587128490709297e-05,1.0587128490709404e-05,1.0587128490710922e-05,1.0587128490705205e-05],"_runtime":23.042232417,"Norm Gradient":2.5139708947987174,"rate_of_convergence":"superlinear","_timestamp":1.755623483417106e+09,"_step":1,"perturbation":0.01}