{"Norm Gradient":3.033595311538524e-05,"perturbation":1e-06,"Adaptive Tolerance":1.67084616686682e-07,"_runtime":80.133391792,"rate_of_convergence":"superlinear","derivative_method":"backward","Execution Time":79.934805393219,"_step":45,"Inner Iterations":6,"_timestamp":1.7560419935266e+09,"Backtracking Step Size":1.4551915228366852e-11,"_wandb":{"runtime":80}}