{"Backtracking Step Size":1,"Adaptive Tolerance":7.652108666215203e-07,"_wandb":{"runtime":4},"rate_of_convergence":"superlinear","Execution Time":3.9801371097564697,"Norm Gradient":8.366055714764513e-05,"_timestamp":1.756026248308631e+09,"_runtime":4.031086083,"_step":63,"perturbation":"exact","Inner Iterations":1,"derivative_method":"exact"}