{"rate_of_convergence":"quadratic","perturbation":"exact","Inner Iterations":1000,"Backtracking Step Size":1,"_wandb":{"runtime":86},"Norm Gradient":53.90348824172625,"_timestamp":1.75553598678109e+09,"_runtime":86.6462022,"Adaptive Tolerance":11.390502726407977,"derivative_method":"exact","Execution Time":86.40480518341064,"_step":13}