{"_step":19,"Adaptive Tolerance":2.064528393949076e-06,"Backtracking Step Size":1,"_runtime":86.394449459,"rate_of_convergence":"superlinear","derivative_method":"forward","Norm Gradient":0.0001621364177528685,"_timestamp":1.755632622650662e+09,"perturbation":0.01,"Inner Iterations":100,"_wandb":{"runtime":86},"Execution Time":86.2610354423523}