{"Inner Iterations":0,"_step":46,"Backtracking Step Size":1.1368683772161603e-13,"_wandb":{"runtime":20},"derivative_method":"adaptive_backward","perturbation":"exact","_timestamp":1.7555495747713761e+09,"_runtime":20.105269791,"preconditioner":"no","Execution Time":20.009825944900513,"Norm Gradient":0.003993258548991657}