{"Adaptive Tolerance":0.04091188942893371,"Norm Gradient":0.11873161029553647,"rate_of_convergence":"superlinear","Backtracking Step Size":1,"_runtime":20.180937625,"perturbation":1e-10,"_timestamp":1.7556242304188669e+09,"Execution Time":20.086533069610596,"_step":113,"Inner Iterations":1,"_wandb":{"runtime":20},"derivative_method":"backward"}