{"Execution Time":20.070221424102783,"_runtime":20.151714792,"_wandb":{"runtime":20},"Norm Gradient":74.39942215034358,"derivative_method":"adaptive_backward","_timestamp":1.756037499725086e+09,"Backtracking Step Size":1,"_step":87,"Adaptive Tolerance":37.19971107517179,"Inner Iterations":47,"rate_of_convergence":"quadratic","perturbation":1e-10}