{"Inner Iterations":42,"perturbation":0.0001,"_timestamp":1.755704974493769e+09,"_step":2,"_wandb":{"runtime":320},"Adaptive Tolerance":0.008689521759271053,"_runtime":320.56900175,"Backtracking Step Size":1,"rate_of_convergence":"quadratic","Execution Time":314.88096499443054,"Norm Gradient":0.0932176043420504,"derivative_method":"forward"}